Year,CountryCode,TreeCoverLoss_ha,GrossEmissions_Co2_all_gases_Mg
2021,ABW,0.0801838456911076,50.569056370135286
2022,ABW,-0.018593930891537963,50.546592214928474
2023,ABW,-0.11737170747418352,50.52412805972166
2024,ABW,-0.2161494840568291,50.50166390451485
2025,ABW,-0.3149272606394747,50.47919974930804
2026,ABW,-0.4137050372221202,50.45673559410122
2027,ABW,-0.5124828138047659,50.434271438894406
2028,ABW,-0.6112605903874113,50.411807283687594
2029,ABW,-0.710038366970057,50.38934312848078
2030,ABW,-0.8088161435527026,50.36687897327397
2021,AFG,-10.54058949930076,3775.062414938962
2022,AFG,-23.83440706457864,1558.213778339702
2023,AFG,-37.128224629856525,-658.6348582595583
2024,AFG,-50.42204219513441,-2875.4834948588177
2025,AFG,-63.71585976041229,-5092.332131458077
2026,AFG,-77.00967732569016,-7309.180768057338
2027,AFG,-90.30349489096805,-9526.029404656598
2028,AFG,-103.59731245624593,-11742.878041255857
2029,AFG,-116.89113002152381,-13959.726677855118
2030,AFG,-130.1849475868017,-16176.575314454376
2021,AGO,264969.4516714784,86258297.54618603
2022,AGO,275410.726514855,89386368.99087425
2023,AGO,285852.00135823165,92514440.43556248
2024,AGO,296293.27620160824,95642511.88025069
2025,AGO,306734.5510449849,98770583.32493892
2026,AGO,317175.8258883615,101898654.76962715
2027,AGO,327617.10073173814,105026726.21431537
2028,AGO,338058.37557511474,108154797.65900359
2029,AGO,348499.6504184914,111282869.10369182
2030,AGO,358940.925261868,114410940.54838005
2021,AIA,0.11428531573320111,51.16584682004674
2022,AIA,-0.14542048765227483,24.228356650023635
2023,AIA,-0.4051262910377507,-2.709133519999469
2024,AIA,-0.6648320944232267,-29.64662369002258
2025,AIA,-0.9245378978087027,-56.58411386004569
2026,AIA,-1.1842437011941784,-83.52160403006879
2027,AIA,-1.4439495045796544,-110.45909420009191
2028,AIA,-1.7036553079651304,-137.39658437011502
2029,AIA,-1.9633611113506062,-164.3340745401381
2030,AIA,-2.2230669147360826,-191.27156471016121
2021,ALA,1044.7580325269143,359929.2969281847
2022,ALA,1082.3429162174284,375290.9004775125
2023,ALA,1119.9277999079422,390652.5040268404
2024,ALA,1157.5126835984563,406014.10757616826
2025,ALA,1195.0975672889704,421375.7111254961
2026,ALA,1232.6824509794842,436737.31467482395
2027,ALA,1270.2673346699983,452098.9182241518
2028,ALA,1307.852218360512,467460.52177347965
2029,ALA,1345.4371020510262,482822.12532280746
2030,ALA,1383.02198574154,498183.72887213534
2021,ALB,1645.417068347987,829255.9212728704
2022,ALB,1618.6707243193387,832510.1680276657
2023,ALB,1591.9243802906901,835764.4147824609
2024,ALB,1565.1780362620418,839018.6615372562
2025,ALB,1538.4316922333935,842272.9082920515
2026,ALB,1511.6853482047452,845527.1550468468
2027,ALB,1484.9390041760967,848781.4018016421
2028,ALB,1458.1926601474484,852035.6485564375
2029,ALB,1431.4463161188,855289.8953112327
2030,ALB,1404.6999720901517,858544.142066028
2021,AND,9.876663620126886,12685.871704833684
2022,AND,10.263975396035596,15328.920327172707
2023,AND,10.651287171944304,17971.96894951173
2024,AND,11.038598947853012,20615.017571850753
2025,AND,11.42591072376172,23258.066194189774
2026,AND,11.813222499670431,25901.114816528796
2027,AND,12.20053427557914,28544.16343886782
2028,AND,12.587846051487848,31187.212061206843
2029,AND,12.975157827396558,33830.260683545865
2030,AND,13.362469603305266,36473.30930588489
2021,ARG,151935.15238493765,46192334.63902955
2022,ARG,135013.7164111227,42435518.30035026
2023,ARG,118092.28043730775,38678701.96167097
2024,ARG,101170.8444634928,34921885.62299169
2025,ARG,84249.40848967785,31165069.284312405
2026,ARG,67327.9725158629,27408252.945633117
2027,ARG,50406.53654204795,23651436.60695383
2028,ARG,33485.100568233,19894620.268274546
2029,ARG,16563.66459441805,16137803.929595262
2030,ARG,-357.77137939690147,12380987.590915978
2021,ARM,-5.031687324417092,15272.393333206748
2022,ARM,-15.474230553458467,13157.292820778035
2023,ARM,-25.91677378249984,11042.192308349322
2024,ARM,-36.359317011541215,8927.091795920609
2025,ARM,-46.80186024058259,6811.991283491896
2026,ARM,-57.24440346962396,4696.890771063183
2027,ARM,-67.68694669866534,2581.79025863447
2028,ARM,-78.12948992770671,466.6897462057568
2029,ARM,-88.57203315674809,-1648.4107662229544
2030,ARM,-99.01457638578947,-3763.5112786516693
2021,ATG,50.054732329717034,18353.307041122513
2022,ATG,51.14468081912793,18836.02750301942
2023,ATG,52.23462930853883,19318.747964916325
2024,ATG,53.32457779794973,19801.46842681323
2025,ATG,54.41452628736063,20284.188888710134
2026,ATG,55.50447477677153,20766.909350607042
2027,ATG,56.594423266182424,21249.629812503947
2028,ATG,57.684371755593325,21732.35027440085
2029,ATG,58.774320245004226,22215.070736297756
2030,ATG,59.86426873441512,22697.791198194664
2021,AUS,2921112.1538002593,938188265.8798726
2022,AUS,3486763.3198366663,1195697105.344026
2023,AUS,4052414.4858730733,1453205944.8081799
2024,AUS,4618065.651909481,1710714784.2723336
2025,AUS,5183716.817945888,1968223623.7364874
2026,AUS,5749367.983982295,2225732463.2006407
2027,AUS,6315019.150018702,2483241302.6647944
2028,AUS,6880670.31605511,2740750142.128948
2029,AUS,7446321.482091517,2998258981.593102
2030,AUS,8011972.648127925,3255767821.0572557
2021,AUT,29348.290508503065,16455182.534367586
2022,AUT,30724.409069392856,17245678.173665497
2023,AUT,32100.527630282642,18036173.81296341
2024,AUT,33476.64619117243,18826669.45226132
2025,AUT,34852.76475206222,19617165.091559235
2026,AUT,36228.883312952006,20407660.73085715
2027,AUT,37605.0018738418,21198156.37015506
2028,AUT,38981.12043473159,21988652.00945297
2029,AUT,40357.238995621374,22779147.648750883
2030,AUT,41733.35755651116,23569643.288048796
2021,AZE,-116.15074539788645,-22404.5924307072
2022,AZE,-163.4227307817215,-34439.58841009916
2023,AZE,-210.69471616555654,-46474.58438949112
2024,AZE,-257.9667015493916,-58509.58036888308
2025,AZE,-305.23868693322663,-70544.57634827505
2026,AZE,-352.5106723170617,-82579.572327667
2027,AZE,-399.7826577008967,-94614.56830705897
2028,AZE,-447.05464308473177,-106649.56428645093
2029,AZE,-494.3266284685668,-118684.56026584288
2030,AZE,-541.5986138524019,-130719.55624523485
2021,BDI,2098.714718915672,836910.1624724178
2022,BDI,2156.1726566704406,862974.8289776873
2023,BDI,2213.630594425209,889039.4954829569
2024,BDI,2271.088532179977,915104.1619882263
2025,BDI,2328.5464699347453,941168.8284934959
2026,BDI,2386.0044076895138,967233.4949987654
2027,BDI,2443.4623454442817,993298.161504035
2028,BDI,2500.92028319905,1019362.8280093045
2029,BDI,2558.3782209538185,1045427.4945145741
2030,BDI,2615.8361587085865,1071492.1610198435
2021,BEL,5279.275833397038,3068974.3621942163
2022,BEL,5400.264425173403,3158946.021826376
2023,BEL,5521.253016949767,3248917.6814585356
2024,BEL,5642.241608726132,3338889.3410906955
2025,BEL,5763.230200502497,3428861.000722855
2026,BEL,5884.218792278862,3518832.6603550147
2027,BEL,6005.207384055227,3608804.319987174
2028,BEL,6126.195975831592,3698775.979619334
2029,BEL,6247.184567607956,3788747.6392514934
2030,BEL,6368.173159384321,3878719.2988836532
2021,BEN,926.5768169382825,376186.92907246115
2022,BEN,815.6932005716819,349683.72194661206
2023,BEN,704.8095842050814,323180.514820763
2024,BEN,593.9259678384808,296677.30769491394
2025,BEN,483.04235147188035,270174.10056906485
2026,BEN,372.1587351052798,243670.89344321575
2027,BEN,261.2751187386792,217167.6863173667
2028,BEN,150.39150237207866,190664.4791915176
2029,BEN,39.5078860054781,164161.2720656685
2030,BEN,-71.37573036112235,137658.06493981945
2021,BES,3.374355445881159,1928.783999078288
2022,BES,3.3309528098895207,2277.35895427642
2023,BES,3.2875501738978827,2625.933909474552
2024,BES,3.2441475379062443,2974.5088646726836
2025,BES,3.2007449019146064,3323.083819870815
2026,BES,3.157342265922968,3671.6587750689473
2027,BES,3.11393962993133,4020.2337302670794
2028,BES,3.0705369939396916,4368.808685465211
2029,BES,3.0271343579480536,4717.383640663343
2030,BES,2.9837317219564152,5065.958595861475
2021,BFA,-3.440502206879248,-2934.5633312939453
2022,BFA,-5.372949744626329,-3617.2176676495114
2023,BFA,-7.305397282373409,-4299.8720040050775
2024,BFA,-9.23784482012049,-4982.526340360643
2025,BFA,-11.170292357867572,-5665.180676716209
2026,BFA,-13.102739895614652,-6347.835013071775
2027,BFA,-15.035187433361733,-7030.489349427341
2028,BFA,-16.96763497110881,-7713.143685782907
2029,BFA,-18.900082508855895,-8395.798022138471
2030,BFA,-20.832530046602976,-9078.452358494038
2021,BGD,22746.60478912451,11919633.390086653
2022,BGD,23786.276411745057,12159611.452526508
2023,BGD,24825.9480343656,12399589.514966363
2024,BGD,25865.619656986142,12639567.577406218
2025,BGD,26905.291279606685,12879545.639846073
2026,BGD,27944.962902227227,13119523.702285929
2027,BGD,28984.634524847774,13359501.764725784
2028,BGD,30024.306147468316,13599479.827165639
2029,BGD,31063.97777008886,13839457.889605494
2030,BGD,32103.649392709405,14079435.95204535
2021,BGR,6123.411141647285,2756924.1668748874
2022,BGR,6086.539828238827,2780098.258263838
2023,BGR,6049.668514830368,2803272.349652788
2024,BGR,6012.797201421909,2826446.4410417387
2025,BGR,5975.92588801345,2849620.5324306893
2026,BGR,5939.054574604992,2872794.62381964
2027,BGR,5902.183261196533,2895968.71520859
2028,BGR,5865.311947788075,2919142.8065975406
2029,BGR,5828.440634379615,2942316.897986491
2030,BGR,5791.569320971157,2965490.989375442
2021,BHS,2080.6025776960555,575326.7335313165
2022,BHS,2154.3122751436604,595399.8435919574
2023,BHS,2228.0219725912657,615472.9536525983
2024,BHS,2301.731670038871,635546.0637132392
2025,BHS,2375.441367486476,655619.1737738801
2026,BHS,2449.151064934081,675692.283834521
2027,BHS,2522.860762381686,695765.3938951619
2028,BHS,2596.5704598292914,715838.5039558029
2029,BHS,2670.2801572768967,735911.6140164437
2030,BHS,2743.9898547245016,755984.7240770846
2021,BIH,1841.4449547432603,939767.0105980948
2022,BIH,1863.0094009265135,967680.6022337022
2023,BIH,1884.573847109767,995594.1938693097
2024,BIH,1906.1382932930203,1023507.7855049171
2025,BIH,1927.7027394762738,1051421.3771405246
2026,BIH,1949.267185659527,1079334.968776132
2027,BIH,1970.8316318427806,1107248.5604117394
2028,BIH,1992.396078026034,1135162.1520473468
2029,BIH,2013.9605242092873,1163075.7436829542
2030,BIH,2035.5249703925408,1190989.3353185616
2021,BLM,0.1648388653570272,60.9991305976005
2022,BLM,0.16361309048898526,62.81331197606515
2023,BLM,0.16238731562094336,64.6274933545298
2024,BLM,0.16116154075290146,66.44167473299446
2025,BLM,0.15993576588485953,68.25585611145911
2026,BLM,0.15870999101681763,70.07003748992375
2027,BLM,0.1574842161487757,71.8842188683884
2028,BLM,0.1562584412807338,73.69840024685305
2029,BLM,0.1550326664126919,75.51258162531771
2030,BLM,0.15380689154464997,77.32676300378236
2021,BLR,73175.35990130578,29283755.556849822
2022,BLR,74600.25584179396,29981136.014898513
2023,BLR,76025.15178228212,30678516.472947206
2024,BLR,77450.0477227703,31375896.9309959
2025,BLR,78874.94366325847,32073277.38904459
2026,BLR,80299.83960374664,32770657.847093284
2027,BLR,81724.73554423482,33468038.305141978
2028,BLR,83149.63148472298,34165418.76319067
2029,BLR,84574.52742521116,34862799.221239366
2030,BLR,85999.42336569933,35560179.67928806
2021,BLZ,20352.737243029333,10009250.398249684
2022,BLZ,21134.64687768118,10464296.854031766
2023,BLZ,21916.55651233303,10919343.30981385
2024,BLZ,22698.46614698488,11374389.765595932
2025,BLZ,23480.375781636725,11829436.221378015
2026,BLZ,24262.285416288574,12284482.6771601
2027,BLZ,25044.195050940423,12739529.132942181
2028,BLZ,25826.104685592272,13194575.588724265
2029,BLZ,26608.01432024412,13649622.044506347
2030,BLZ,27389.92395489597,14104668.50028843
2021,BMU,0.8714701373490867,297.2605176676362
2022,BMU,0.9227863087913993,314.7820542072789
2023,BMU,0.9741024802337119,332.3035907469216
2024,BMU,1.0254186516760246,349.82512728656434
2025,BMU,1.0767348231183373,367.3466638262071
2026,BMU,1.1280509945606498,384.8682003658498
2027,BMU,1.1793671660029625,402.38973690549255
2028,BMU,1.2306833374452752,419.9112734451353
2029,BMU,1.281999508887588,437.43280998477803
2030,BMU,1.3333156803299007,454.9543465244207
2021,BOL,552376.3400784199,232692036.94936058
2022,BOL,577122.6831690477,243549676.17509484
2023,BOL,601869.0262596754,254407315.4008291
2024,BOL,626615.3693503032,265264954.62656337
2025,BOL,651361.7124409309,276122593.85229766
2026,BOL,676108.0555315586,286980233.0780319
2027,BOL,700854.3986221864,297837872.3037662
2028,BOL,725600.7417128141,308695511.5295004
2029,BOL,750347.0848034418,319553150.7552347
2030,BOL,775093.4278940696,330410789.98096895
2021,BRA,3265817.5345912557,1884255247.7247746
2022,BRA,3296526.923153641,1847024545.5445995
2023,BRA,3327236.311716026,1809793843.3644245
2024,BRA,3357945.7002784116,1772563141.1842494
2025,BRA,3388655.0888407966,1735332439.004074
2026,BRA,3419364.477403182,1698101736.8238993
2027,BRA,3450073.865965567,1660871034.643724
2028,BRA,3480783.2545279525,1623640332.463549
2029,BRA,3511492.6430903375,1586409630.2833738
2030,BRA,3542202.031652723,1549178928.1031988
2021,BRB,30.856447722204532,10571.734167419578
2022,BRB,31.90250389480547,10986.71553598549
2023,BRB,32.94856006740641,11401.6969045514
2024,BRB,33.99461624000735,11816.678273117312
2025,BRB,35.04067241260829,12231.659641683222
2026,BRB,36.08672858520923,12646.641010249132
2027,BRB,37.13278475781017,13061.622378815044
2028,BRB,38.17884093041111,13476.603747380956
2029,BRB,39.224897103012054,13891.585115946866
2030,BRB,40.27095327561299,14306.566484512776
2021,BRN,1687.5573866930547,969722.3119559449
2022,BRN,1716.5339850796377,1010966.1796228293
2023,BRN,1745.5105834662206,1052210.0472897138
2024,BRN,1774.4871818528036,1093453.9149565983
2025,BRN,1803.4637802393868,1134697.7826234826
2026,BRN,1832.4403786259695,1175941.6502903672
2027,BRN,1861.4169770125527,1217185.5179572515
2028,BRN,1890.3935753991357,1258429.385624136
2029,BRN,1919.3701737857186,1299673.2532910206
2030,BRN,1948.3467721723016,1340917.120957905
2021,BTN,1418.936079026295,693381.1384098753
2022,BTN,1405.282049957621,659519.9633649515
2023,BTN,1391.628020888947,625658.7883200278
2024,BTN,1377.973991820273,591797.613275104
2025,BTN,1364.3199627515994,557936.4382301802
2026,BTN,1350.6659336829255,524075.2631852564
2027,BTN,1337.0119046142515,490214.0881403326
2028,BTN,1323.3578755455776,456352.9130954088
2029,BTN,1309.7038464769037,422491.73805048503
2030,BTN,1296.0498174082297,388630.56300556124
2021,BWA,-10.544992855401286,-1360.7388797909512
2022,BWA,-14.267482300056525,-1950.8685538960235
2023,BWA,-17.989971744711763,-2540.998228001096
2024,BWA,-21.712461189367,-3131.127902106168
2025,BWA,-25.43495063402224,-3721.2575762112406
2026,BWA,-29.157440078677478,-4311.387250316313
2027,BWA,-32.87992952333272,-4901.516924421386
2028,BWA,-36.60241896798796,-5491.646598526458
2029,BWA,-40.3249084126432,-6081.7762726315295
2030,BWA,-44.047397857298435,-6671.905946736602
2021,CAF,57539.01635634978,28604244.602429233
2022,CAF,58462.634738172404,29325510.659880474
2023,CAF,59386.25311999503,30046776.71733172
2024,CAF,60309.87150181766,30768042.77478296
2025,CAF,61233.489883640286,31489308.832234204
2026,CAF,62157.10826546291,32210574.889685445
2027,CAF,63080.72664728555,32931840.94713669
2028,CAF,64004.345029108175,33653107.00458793
2029,CAF,64927.9634109308,34374373.062039174
2030,CAF,65851.58179275342,35095639.119490415
2021,CAN,2184684.5839158483,440820323.6023119
2022,CAN,2189432.17670762,444692237.5078382
2023,CAN,2194179.769499391,448564151.41336447
2024,CAN,2198927.3622911624,452436065.31889075
2025,CAN,2203674.9550829334,456307979.22441703
2026,CAN,2208422.547874705,460179893.1299433
2027,CAN,2213170.140666476,464051807.0354696
2028,CAN,2217917.7334582475,467923720.9409959
2029,CAN,2222665.3262500186,471795634.84652215
2030,CAN,2227412.9190417896,475667548.75204843
2021,CHE,3793.598663059507,2358818.4729764923
2022,CHE,3906.5366848689255,2424831.12760102
2023,CHE,4019.474706678344,2490843.782225548
2024,CHE,4132.412728487762,2556856.4368500756
2025,CHE,4245.350750297181,2622869.091474603
2026,CHE,4358.288772106599,2688881.7460991307
2027,CHE,4471.226793916017,2754894.4007236585
2028,CHE,4584.164815725435,2820907.0553481863
2029,CHE,4697.102837534854,2886919.709972714
2030,CHE,4810.040859344272,2952932.364597242
2021,CHL,144123.99620499284,60738050.86761194
2022,CHL,147374.53597417346,62617533.76684476
2023,CHL,150625.0757433541,64497016.666077584
2024,CHL,153875.61551253474,66376499.5653104
2025,CHL,157126.1552817154,68255982.46454322
2026,CHL,160376.695050896,70135465.36377604
2027,CHL,163627.23482007664,72014948.26300886
2028,CHL,166877.7745892573,73894431.16224168
2029,CHL,170128.3143584379,75773914.0614745
2030,CHL,173378.85412761854,77653396.96070734
2021,CHN,431163.90081276826,188848803.3899381
2022,CHN,411542.88550344727,180687957.70632544
2023,CHN,391921.87019412627,172527112.02271277
2024,CHN,372300.8548848053,164366266.3391001
2025,CHN,352679.8395754843,156205420.65548745
2026,CHN,333058.8242661633,148044574.97187477
2027,CHN,313437.8089568423,139883729.28826213
2028,CHN,293816.7936475213,131722883.60464945
2029,CHN,274195.7783382003,123562037.92103678
2030,CHN,254574.76302887927,115401192.23742412
2021,CIV,288004.72395539295,169500137.6960373
2022,CIV,297685.84963895346,178063584.2935182
2023,CIV,307366.97532251396,186627030.8909991
2024,CIV,317048.10100607446,195190477.48848003
2025,CIV,326729.22668963496,203753924.08596095
2026,CIV,336410.35237319546,212317370.68344188
2027,CIV,346091.47805675596,220880817.28092277
2028,CIV,355772.60374031647,229444263.8784037
2029,CIV,365453.72942387697,238007710.47588462
2030,CIV,375134.85510743747,246571157.0733655
2021,CMR,185469.89314017288,118123234.31197375
2022,CMR,199134.66000505048,127607211.40554029
2023,CMR,212799.42686992808,137091188.49910682
2024,CMR,226464.19373480568,146575165.59267336
2025,CMR,240128.96059968328,156059142.6862399
2026,CMR,253793.72746456088,165543119.77980644
2027,CMR,267458.4943294385,175027096.87337297
2028,CMR,281123.2611943161,184511073.9669395
2029,CMR,294788.0280591937,193995051.06050605
2030,CMR,308452.7949240713,203479028.15407258
2021,COD,1356388.4267749167,882203239.1955254
2022,COD,1385816.4211530257,902280069.2550877
2023,COD,1415244.4155311347,922356899.31465
2024,COD,1444672.4099092435,942433729.3742123
2025,COD,1474100.4042873525,962510559.4337746
2026,COD,1503528.3986654615,982587389.4933369
2027,COD,1532956.3930435705,1002664219.5528992
2028,COD,1562384.3874216795,1022741049.6124616
2029,COD,1591812.3817997884,1042817879.6720238
2030,COD,1621240.3761778972,1062894709.7315862
2021,COG,70568.45854370737,45476628.8653383
2022,COG,71586.39912035194,46681091.96689895
2023,COG,72604.33969699651,47885555.0684596
2024,COG,73622.28027364108,49090018.170020245
2025,COG,74640.22085028565,50294481.27158089
2026,COG,75658.16142693022,51498944.373141535
2027,COG,76676.1020035748,52703407.47470218
2028,COG,77694.04258021936,53907870.57626283
2029,COG,78711.98315686393,55112333.67782348
2030,COG,79729.9237335085,56316796.77938412
2021,COL,275048.6474092037,163922084.50846374
2022,COL,279210.45810240856,167345215.28190476
2023,COL,283372.2687956135,170768346.05534577
2024,COL,287534.0794888184,174191476.82878682
2025,COL,291695.89018202334,177614607.60222787
2026,COL,295857.70087522827,181037738.37566888
2027,COL,300019.51156843314,184460869.1491099
2028,COL,304181.32226163807,187883999.92255095
2029,COL,308343.132954843,191307130.695992
2030,COL,312504.94364804786,194730261.469433
2021,COM,277.7276195707998,139544.65628585606
2022,COM,289.9435161550623,142895.79622163446
2023,COM,302.15941273932475,146246.93615741289
2024,COM,314.3753093235872,149598.0760931913
2025,COM,326.59120590784966,152949.21602896973
2026,COM,338.8071024921121,156300.35596474813
2027,COM,351.0229990763746,159651.49590052656
2028,COM,363.23889566063707,163002.63583630498
2029,COM,375.4547922448995,166353.77577208338
2030,COM,387.67068882916203,169704.9157078618
2021,CPV,4.44056231749954,0.0
2022,CPV,4.18862096222049,0.0
2023,CPV,3.9366796069414405,0.0
2024,CPV,3.6847382516623908,0.0
2025,CPV,3.4327968963833406,0.0
2026,CPV,3.1808555411042905,0.0
2027,CPV,2.9289141858252403,0.0
2028,CPV,2.6769728305461906,0.0
2029,CPV,2.4250314752671405,0.0
2030,CPV,2.1730901199880908,0.0
2021,CRI,11449.943973242493,7050182.800260747
2022,CRI,11350.270174563191,7328365.377407579
2023,CRI,11250.59637588389,7606547.954554412
2024,CRI,11150.922577204588,7884730.5317012435
2025,CRI,11051.248778525287,8162913.108848075
2026,CRI,10951.574979845986,8441095.685994908
2027,CRI,10851.901181166684,8719278.26314174
2028,CRI,10752.227382487383,8997460.840288572
2029,CRI,10652.553583808081,9275643.417435404
2030,CRI,10552.87978512878,9553825.994582236
2021,CUB,19064.90272374767,13740086.10740439
2022,CUB,18613.78247464119,14323560.46259185
2023,CUB,18162.66222553471,14907034.81777931
2024,CUB,17711.541976428234,15490509.172966769
2025,CUB,17260.421727321755,16073983.528154228
2026,CUB,16809.301478215275,16657457.883341689
2027,CUB,16358.181229108795,17240932.238529146
2028,CUB,15907.060980002316,17824406.593716606
2029,CUB,15455.940730895836,18407880.948904067
2030,CUB,15004.820481789357,18991355.304091524
2021,CUW,2.0115081182168675,591.5788431059812
2022,CUW,2.066888530286001,620.6623161982859
2023,CUW,2.122268942355134,649.7457892905907
2024,CUW,2.1776493544242674,678.8292623828953
2025,CUW,2.233029766493401,707.9127354752001
2026,CUW,2.2884101785625344,736.9962085675048
2027,CUW,2.3437905906316674,766.0796816598096
2028,CUW,2.399171002700801,795.1631547521143
2029,CUW,2.4545514147699343,824.246627844419
2030,CUW,2.509931826839068,853.3301009367237
2021,CYM,33.62488934602946,10635.751123109025
2022,CYM,34.41293025399935,10889.684345725409
2023,CYM,35.20097116196923,11143.617568341795
2024,CYM,35.98901206993911,11397.550790958181
2025,CYM,36.777052977908994,11651.484013574565
2026,CYM,37.56509388587887,11905.417236190951
2027,CYM,38.35313479384875,12159.350458807337
2028,CYM,39.14117570181863,12413.283681423722
2029,CYM,39.92921660978852,12667.216904040108
2030,CYM,40.7172575177584,12921.150126656492
2021,CYP,189.61531655603673,59363.360421377496
2022,CYP,195.3475437049591,61542.373727604696
2023,CYP,201.07977085388146,63721.387033831896
2024,CYP,206.81199800280382,65900.4003400591
2025,CYP,212.5442251517262,68079.4136462863
2026,CYP,218.27645230064854,70258.42695251349
2027,CYP,224.00867944957093,72437.4402587407
2028,CYP,229.7409065984933,74616.4535649679
2029,CYP,235.47313374741566,76795.4668711951
2030,CYP,241.20536089633802,78974.48017742229
2021,CZE,125937.52335964121,72030835.99654882
2022,CZE,154800.32480136887,89048202.74312198
2023,CZE,183663.12624309654,106065569.48969513
2024,CZE,212525.92768482422,123082936.23626828
2025,CZE,241388.7291265519,140100302.98284143
2026,CZE,270251.53056827956,157117669.72941458
2027,CZE,299114.33201000723,174135036.47598773
2028,CZE,327977.1334517349,191152403.22256088
2029,CZE,356839.9348934626,208169769.96913403
2030,CZE,385702.7363351902,225187136.71570718
2021,DEU,228015.17296727435,140023172.78311598
2022,DEU,289054.70912586845,179060370.62695768
2023,DEU,350094.2452844626,218097568.4707994
2024,DEU,411133.78144305665,257134766.31464112
2025,DEU,472173.3176016508,296171964.15848285
2026,DEU,533212.8537602449,335209162.0023246
2027,DEU,594252.389918839,374246359.84616625
2028,DEU,655291.9260774332,413283557.690008
2029,DEU,716331.4622360272,452320755.5338497
2030,DEU,777370.9983946213,491357953.37769145
2021,DMA,3806.384540019527,164259.99315603374
2022,DMA,3989.9508936004436,168606.70349044877
2023,DMA,4173.51724718136,172953.41382486376
2024,DMA,4357.0836007622775,177300.12415927878
2025,DMA,4540.649954343194,181646.83449369378
2026,DMA,4724.216307924111,185993.5448281088
2027,DMA,4907.782661505027,190340.2551625238
2028,DMA,5091.349015085944,194686.9654969388
2029,DMA,5274.915368666861,199033.67583135382
2030,DMA,5458.481722247778,203380.3861657688
2021,DNK,5037.891078696446,1968027.3136294065
2022,DNK,5118.174333180616,2026294.4300205717
2023,DNK,5198.457587664785,2084561.546411737
2024,DNK,5278.740842148954,2142828.6628029025
2025,DNK,5359.024096633123,2201095.7791940677
2026,DNK,5439.3073511172925,2259362.8955852333
2027,DNK,5519.590605601462,2317630.0119763985
2028,DNK,5599.873860085631,2375897.1283675637
2029,DNK,5680.157114569801,2434164.2447587294
2030,DNK,5760.440369053969,2492431.3611498945
2021,DOM,21782.183647683465,10226566.5665732
2022,DOM,22222.63899936687,10499257.546735244
2023,DOM,22663.094351050277,10771948.526897287
2024,DOM,23103.54970273368,11044639.50705933
2025,DOM,23544.005054417084,11317330.487221373
2026,DOM,23984.46040610049,11590021.467383416
2027,DOM,24424.915757783896,11862712.44754546
2028,DOM,24865.3711094673,12135403.427707503
2029,DOM,25305.826461150704,12408094.407869546
2030,DOM,25746.28181283411,12680785.388031589
2021,DZA,11660.987710751246,3649139.52990704
2022,DZA,12076.555301880926,3789203.9113077098
2023,DZA,12492.122893010604,3929268.292708379
2024,DZA,12907.690484140285,4069332.674109049
2025,DZA,13323.258075269963,4209397.055509719
2026,DZA,13738.825666399644,4349461.436910389
2027,DZA,14154.393257529322,4489525.818311059
2028,DZA,14569.960848659,4629590.199711729
2029,DZA,14985.52843978868,4769654.581112399
2030,DZA,15401.096030918361,4909718.962513069
2021,ECU,49821.72540309355,37867172.215068154
2022,ECU,49759.76963710056,38675788.667975634
2023,ECU,49697.81387110756,39484405.12088312
2024,ECU,49635.85810511457,40293021.5737906
2025,ECU,49573.902339121574,41101638.02669808
2026,ECU,49511.94657312858,41910254.47960556
2027,ECU,49449.99080713559,42718870.93251304
2028,ECU,49388.03504114259,43527487.38542053
2029,ECU,49326.0792751496,44336103.83832801
2030,ECU,49264.123509156605,45144720.29123549
2021,EGY,68.84299836915503,14225.8869205882
2022,EGY,67.10319052912736,14088.631763243708
2023,EGY,65.36338268909971,13951.376605899213
2024,EGY,63.62357484907204,13814.12144855472
2025,EGY,61.883767009044384,13676.866291210226
2026,EGY,60.143959169016725,13539.611133865732
2027,EGY,58.404151328989066,13402.35597652124
2028,EGY,56.66434348896141,13265.100819176745
2029,EGY,54.92453564893375,13127.845661832253
2030,EGY,53.18472780890609,12990.590504487758
2021,ESP,100477.91554486143,40305959.123131245
2022,ESP,103666.00886092744,41843793.523013294
2023,ESP,106854.10217699345,43381627.92289535
2024,ESP,110042.19549305945,44919462.3227774
2025,ESP,113230.28880912546,46457296.722659454
2026,ESP,116418.38212519145,47995131.1225415
2027,ESP,119606.47544125747,49532965.52242356
2028,ESP,122794.56875732346,51070799.92230561
2029,ESP,125982.66207338948,52608634.32218766
2030,ESP,129170.75538945547,54146468.72206971
2021,EST,41795.195721731965,13368212.760610316
2022,EST,43114.78035853963,13618607.04729207
2023,EST,44434.36499534731,13869001.333973827
2024,EST,45753.949632154974,14119395.620655581
2025,EST,47073.53426896264,14369789.907337338
2026,EST,48393.11890577031,14620184.194019094
2027,EST,49712.703542577976,14870578.480700849
2028,EST,51032.28817938565,15120972.767382605
2029,EST,52351.87281619332,15371367.05406436
2030,EST,53671.457453000985,15621761.340746116
2021,ETH,23019.92621476952,11636552.141522855
2022,ETH,22205.414815877062,11482363.817425728
2023,ETH,21390.90341698461,11328175.493328603
2024,ETH,20576.392018092152,11173987.169231476
2025,ETH,19761.8806191997,11019798.845134351
2026,ETH,18947.369220307242,10865610.521037225
2027,ETH,18132.85782141479,10711422.1969401
2028,ETH,17318.346422522336,10557233.872842973
2029,ETH,16503.83502362988,10403045.548745848
2030,ETH,15689.323624737424,10248857.224648722
2021,FIN,249126.66874612766,63065252.75342016
2022,FIN,254618.37025175124,64582101.70165793
2023,FIN,260110.07175737486,66098950.64989569
2024,FIN,265601.77326299844,67615799.59813346
2025,FIN,271093.474768622,69132648.54637122
2026,FIN,276585.17627424566,70649497.49460898
2027,FIN,282076.87777986925,72166346.44284675
2028,FIN,287568.57928549283,73683195.3910845
2029,FIN,293060.2807911164,75200044.33932227
2030,FIN,298551.98229674005,76716893.28756005
2021,FJI,3302.528473876667,2167725.1545068077
2022,FJI,3412.551196081816,2246890.0445276364
2023,FJI,3522.5739182869656,2326054.9345484646
2024,FJI,3632.5966404921146,2405219.8245692933
2025,FJI,3742.6193626972645,2484384.7145901215
2026,FJI,3852.6420849024134,2563549.60461095
2027,FJI,3962.664807107563,2642714.4946317784
2028,FJI,4072.6875293127123,2721879.384652607
2029,FJI,4182.710251517861,2801044.2746734354
2030,FJI,4292.732973723011,2880209.1646942636
2021,FRA,83271.51482500993,47667445.56244844
2022,FRA,87188.43367390742,50701627.58454162
2023,FRA,91105.35252280491,53735809.606634796
2024,FRA,95022.2713717024,56769991.62872797
2025,FRA,98939.19022059988,59804173.65082115
2026,FRA,102856.10906949738,62838355.672914326
2027,FRA,106773.02791839486,65872537.6950075
2028,FRA,110689.94676729235,68906719.71710068
2029,FRA,114606.86561618984,71940901.73919386
2030,FRA,118523.78446508733,74975083.76128703
2021,GAB,25868.42734925539,16951281.7828533
2022,GAB,25959.605110482295,17079905.035642903
2023,GAB,26050.782871709194,17208528.28843251
2024,GAB,26141.960632936098,17337151.54122211
2025,GAB,26233.138394162997,17465774.794011716
2026,GAB,26324.3161553899,17594398.046801317
2027,GAB,26415.4939166168,17723021.299590923
2028,GAB,26506.6716778437,17851644.55238053
2029,GAB,26597.849439070604,17980267.80517013
2030,GAB,26689.027200297503,18108891.057959735
2021,GBR,27719.8804602497,12669549.59472452
2022,GBR,27389.925622328068,12597018.661729787
2023,GBR,27059.97078440644,12524487.728735052
2024,GBR,26730.01594648481,12451956.795740318
2025,GBR,26400.06110856318,12379425.862745585
2026,GBR,26070.10627064155,12306894.92975085
2027,GBR,25740.151432719922,12234363.996756118
2028,GBR,25410.19659479829,12161833.063761383
2029,GBR,25080.24175687666,12089302.130766649
2030,GBR,24750.286918955033,12016771.197771916
2021,GEO,115.17876582787116,93840.96134240286
2022,GEO,75.88224139243441,81494.59986735688
2023,GEO,36.58571695699766,69148.23839231089
2024,GEO,-2.710807478439108,56801.876917264904
2025,GEO,-42.00733191387587,44455.51544221892
2026,GEO,-81.30385634931261,32109.153967172926
2027,GEO,-120.60038078474938,19762.792492126944
2028,GEO,-159.89690522018614,7416.431017080962
2029,GEO,-199.1934296556229,-4929.93045796502
2030,GEO,-238.48995409105967,-17276.291933011
2021,GGY,0.1071269838177137,57.48582095769066
2022,GGY,0.08207643174891052,52.176004782079055
2023,GGY,0.05702587968010736,46.866188606467446
2024,GGY,0.031975327611304186,41.55637243085583
2025,GGY,0.0069247755425010105,36.246556255244215
2026,GGY,-0.01812577652630215,30.936740079632607
2027,GGY,-0.04317632859510534,25.626923904020998
2028,GGY,-0.0682268806639085,20.317107728409383
2029,GGY,-0.09327743273271166,15.007291552797767
2030,GGY,-0.11832798480151485,9.697475377186159
2021,GHA,147110.82225210106,87521017.36468288
2022,GHA,156194.20598949262,93946860.89992227
2023,GHA,165277.58972688418,100372704.43516165
2024,GHA,174360.97346427574,106798547.97040102
2025,GHA,183444.3572016673,113224391.50564042
2026,GHA,192527.7409390589,119650235.04087979
2027,GHA,201611.12467645045,126076078.57611917
2028,GHA,210694.508413842,132501922.11135855
2029,GHA,219777.89215123357,138927765.64659792
2030,GHA,228861.27588862512,145353609.18183732
2021,GIB,-1.583180672697776e-05,0.5281394688091741
2022,GIB,-0.06244948330923538,-12.5002092031586
2023,GIB,-0.12488313481174379,-25.528557875126367
2024,GIB,-0.1873167863142522,-38.556906547094144
2025,GIB,-0.2497504378167606,-51.58525521906192
2026,GIB,-0.312184089319269,-64.61360389102968
2027,GIB,-0.3746177408217774,-77.64195256299746
2028,GIB,-0.4370513923242858,-90.67030123496524
2029,GIB,-0.49948504382679415,-103.69864990693301
2030,GIB,-0.5619186953293026,-116.72699857890079
2021,GIN,183564.3541289855,88333664.64157979
2022,GIN,186859.6513175321,91052780.80269775
2023,GIN,190154.94850607865,93771896.96381569
2024,GIN,193450.24569462525,96491013.12493365
2025,GIN,196745.54288317182,99210129.2860516
2026,GIN,200040.84007171838,101929245.44716956
2027,GIN,203336.13726026498,104648361.60828751
2028,GIN,206631.43444881155,107367477.76940545
2029,GIN,209926.73163735814,110086593.93052341
2030,GIN,213222.0288259047,112805710.09164137
2021,GLP,75.84621691408874,28868.20900404063
2022,GLP,70.54249422214987,26997.871443260163
2023,GLP,65.23877153021098,25127.533882479693
2024,GLP,59.935048838272095,23257.19632169923
2025,GLP,54.631326146333215,21386.85876091876
2026,GLP,49.327603454394335,19516.521200138293
2027,GLP,44.02388076245545,17646.183639357827
2028,GLP,38.72015807051657,15775.84607857736
2029,GLP,33.41643537857769,13905.508517796894
2030,GLP,28.1127126866388,12035.170957016428
2021,GMB,13.406839884913351,-635.0910461198835
2022,GMB,11.488420919540296,-1969.8921803956343
2023,GMB,9.570001954167243,-3304.6933146713855
2024,GMB,7.651582988794187,-4639.494448947136
2025,GMB,5.733164023421132,-5974.295583222887
2026,GMB,3.8147450580480786,-7309.096717498638
2027,GMB,1.8963260926750234,-8643.897851774389
2028,GMB,-0.02209287269803184,-9978.69898605014
2029,GMB,-1.9405118380710853,-11313.50012032589
2030,GMB,-3.8589308034441423,-12648.301254601642
2021,GNB,18082.253317184284,8056543.017037336
2022,GNB,18946.665172486915,8539591.448229242
2023,GNB,19811.07702778955,9022639.87942115
2024,GNB,20675.488883092185,9505688.310613057
2025,GNB,21539.90073839482,9988736.741804963
2026,GNB,22404.312593697454,10471785.17299687
2027,GNB,23268.724449000085,10954833.604188778
2028,GNB,24133.13630430272,11437882.035380684
2029,GNB,24997.548159605354,11920930.46657259
2030,GNB,25861.960014907985,12403978.897764497
2021,GNQ,11239.2655486752,6617467.485838721
2022,GNQ,11729.329419645766,6867010.090830791
2023,GNQ,12219.393290616335,7116552.695822861
2024,GNQ,12709.457161586903,7366095.300814931
2025,GNQ,13199.521032557472,7615637.9058070015
2026,GNQ,13689.58490352804,7865180.510799072
2027,GNQ,14179.648774498608,8114723.115791142
2028,GNQ,14669.712645469177,8364265.720783212
2029,GNQ,15159.776516439746,8613808.325775282
2030,GNQ,15649.840387410313,8863350.930767354
2021,GRC,6494.171422241327,2098367.9128676
2022,GRC,6458.245163661773,2227021.503578794
2023,GRC,6422.31890508222,2355675.0942899887
2024,GRC,6386.392646502667,2484328.685001183
2025,GRC,6350.466387923114,2612982.2757123774
2026,GRC,6314.540129343561,2741635.8664235715
2027,GRC,6278.6138707640075,2870289.4571347656
2028,GRC,6242.687612184453,2998943.0478459597
2029,GRC,6206.7613536049,3127596.638557154
2030,GRC,6170.835095025347,3256250.229268349
2021,GRD,15.719960317542064,50582.34661573666
2022,GRD,9.087622479192452,49244.966253075225
2023,GRD,2.455284640842841,47907.585890413786
2024,GRD,-4.177053197506773,46570.205527752354
2025,GRD,-10.809391035856383,45232.825165090915
2026,GRD,-17.441728874205996,43895.44480242948
2027,GRD,-24.07406671255561,42558.064439768044
2028,GRD,-30.706404550905223,41220.684077106605
2029,GRD,-37.33874238925483,39883.303714445174
2030,GRD,-43.971080227604446,38545.92335178374
2021,GTM,107290.20531251466,54231629.939382225
2022,GTM,109308.72355720522,55717261.2686784
2023,GTM,111327.24180189575,57202892.59797457
2024,GTM,113345.76004658629,58688523.92727074
2025,GTM,115364.27829127685,60174155.256566904
2026,GTM,117382.79653596738,61659786.585863076
2027,GTM,119401.31478065792,63145417.91515925
2028,GTM,121419.83302534847,64631049.24445542
2029,GTM,123438.35127003901,66116680.57375159
2030,GTM,125456.86951472955,67602311.90304776
2021,GUF,4821.790081348238,3689836.931615716
2022,GUF,4922.552059128476,3770788.2567064613
2023,GUF,5023.314036908713,3851739.581797207
2024,GUF,5124.076014688951,3932690.9068879527
2025,GUF,5224.837992469188,4013642.2319786986
2026,GUF,5325.5999702494255,4094593.557069444
2027,GUF,5426.361948029663,4175544.8821601896
2028,GUF,5527.1239258099,4256496.207250936
2029,GUF,5627.885903590138,4337447.532341681
2030,GUF,5728.647881370375,4418398.857432427
2021,GUY,19449.59865921022,12423198.669576501
2022,GUY,20245.853417397037,12905901.301438736
2023,GUY,21042.108175583857,13388603.933300972
2024,GUY,21838.362933770677,13871306.565163206
2025,GUY,22634.617691957497,14354009.19702544
2026,GUY,23430.872450144314,14836711.828887675
2027,GUY,24227.127208331134,15319414.46074991
2028,GUY,25023.381966517954,15802117.092612144
2029,GUY,25819.636724704775,16284819.724474378
2030,GUY,26615.89148289159,16767522.356336614
2021,HKG,71.1140215359895,20999.16837229707
2022,HKG,74.68565395835573,21895.366648424
2023,HKG,78.25728638072196,22791.56492455093
2024,HKG,81.82891880308821,23687.763200677862
2025,HKG,85.40055122545445,24583.96147680479
2026,HKG,88.97218364782069,25480.159752931722
2027,HKG,92.54381607018692,26376.358029058654
2028,HKG,96.11544849255316,27272.556305185586
2029,HKG,99.68708091491939,28168.754581312518
2030,HKG,103.25871333728563,29064.952857439446
2021,HND,92722.2746122552,47332448.11250053
2022,HND,94365.31856145615,48410606.24569021
2023,HND,96008.36251065708,49488764.37887988
2024,HND,97651.40645985802,50566922.51206956
2025,HND,99294.45040905895,51645080.64525923
2026,HND,100937.4943582599,52723238.77844891
2027,HND,102580.53830746083,53801396.91163858
2028,HND,104223.58225666176,54879555.04482825
2029,HND,105866.62620586269,55957713.17801793
2030,HND,107509.67015506364,57035871.31120761
2021,HRV,6593.412233678923,3562346.9385234704
2022,HRV,6949.404292348442,3812170.0682662847
2023,HRV,7305.39635101796,4061993.1980090984
2024,HRV,7661.388409687478,4311816.327751912
2025,HRV,8017.380468356996,4561639.457494726
2026,HRV,8373.372527026515,4811462.587237541
2027,HRV,8729.364585696032,5061285.716980354
2028,HRV,9085.35664436555,5311108.846723168
2029,HRV,9441.34870303507,5560931.976465981
2030,HRV,9797.340761704589,5810755.106208796
2021,HTI,5964.186324193517,2325884.6981834946
2022,HTI,6169.042905452291,2350767.4318650453
2023,HTI,6373.899486711065,2375650.1655465956
2024,HTI,6578.756067969839,2400532.8992281463
2025,HTI,6783.612649228613,2425415.632909697
2026,HTI,6988.469230487386,2450298.3665912477
2027,HTI,7193.325811746161,2475181.1002727984
2028,HTI,7398.182393004934,2500063.833954349
2029,HTI,7603.038974263709,2524946.5676358994
2030,HTI,7807.895555522482,2549829.30131745
2021,HUN,14319.60543363587,5863562.079681858
2022,HUN,14657.018363278148,6028586.7240789775
2023,HUN,14994.431292920424,6193611.368476097
2024,HUN,15331.844222562702,6358636.012873216
2025,HUN,15669.25715220498,6523660.657270335
2026,HUN,16006.670081847256,6688685.301667454
2027,HUN,16344.083011489534,6853709.946064573
2028,HUN,16681.495941131812,7018734.590461692
2029,HUN,17018.90887077409,7183759.234858811
2030,HUN,17356.32180041637,7348783.87925593
2021,IDN,1044739.1558352795,503211145.5026604
2022,IDN,890599.0387699163,364913496.49419487
2023,IDN,736458.9217045531,226615847.48572934
2024,IDN,582318.8046391897,88318198.47726381
2025,IDN,428178.6875738264,-49979450.53120172
2026,IDN,274038.5705084632,-188277099.53966725
2027,IDN,119898.45344309998,-326574748.5481328
2028,IDN,-34241.66362226335,-464872397.5565983
2029,IDN,-188381.78068762668,-603170046.5650638
2030,IDN,-342521.89775299,-741467695.5735294
2021,IMN,13.33487869384326,3910.36073321364
2022,IMN,13.320235129446997,3121.9442105553876
2023,IMN,13.305591565050733,2333.5276878971354
2024,IMN,13.29094800065447,1545.1111652388827
2025,IMN,13.276304436258208,756.69464258063
2026,IMN,13.261660871861945,-31.72188007762179
2027,IMN,13.247017307465683,-820.1384027358745
2028,IMN,13.23237374306942,-1608.5549253941272
2029,IMN,13.217730178673156,-2396.97144805238
2030,IMN,13.203086614276893,-3185.3879707106325
2021,IND,138801.7206503226,70703106.17275342
2022,IND,140498.72119258533,71447431.08015414
2023,IND,142195.7217348481,72191755.98755485
2024,IND,143892.72227711085,72936080.89495558
2025,IND,145589.72281937362,73680405.80235629
2026,IND,147286.72336163637,74424730.709757
2027,IND,148983.72390389914,75169055.61715771
2028,IND,150680.72444616188,75913380.52455842
2029,IND,152377.72498842466,76657705.43195914
2030,IND,154074.7255306874,77402030.33935986
2021,IRL,6425.493575452803,3574120.4342119754
2022,IRL,6407.866954112861,3617885.3626621766
2023,IRL,6390.240332772919,3661650.2911123773
2024,IRL,6372.613711432976,3705415.2195625785
2025,IRL,6354.987090093034,3749180.148012779
2026,IRL,6337.3604687530915,3792945.0764629804
2027,IRL,6319.733847413149,3836710.004913181
2028,IRL,6302.107226073207,3880474.933363382
2029,IRL,6284.480604733265,3924239.861813583
2030,IRL,6266.853983393323,3968004.7902637837
2021,IRN,20.139490801099544,-3261.6862060455815
2022,IRN,1.7748045362912492,-8135.727394767348
2023,IRN,-16.589881728517042,-13009.768583489116
2024,IRN,-34.95456799332534,-17883.809772210883
2025,IRN,-53.31925425813364,-22757.85096093265
2026,IRN,-71.68394052294192,-27631.892149654417
2027,IRN,-90.04862678775024,-32505.933338376188
2028,IRN,-108.41331305255852,-37379.97452709795
2029,IRN,-126.7779993173668,-42254.01571581971
2030,IRN,-145.14268558217512,-47128.05690454148
2021,IRQ,0.49372883913687415,-152.16707737995105
2022,IRQ,-0.3455989280324896,-316.68393538282993
2023,IRQ,-1.1849266952018536,-481.20079338570883
2024,IRQ,-2.024254462371217,-645.7176513885878
2025,IRQ,-2.8635822295405804,-810.2345093914668
2026,IRQ,-3.702909996709945,-974.7513673943456
2027,IRQ,-4.542237763879308,-1139.2682253972243
2028,IRQ,-5.381565531048672,-1303.7850834001033
2029,IRQ,-6.220893298218035,-1468.3019414029823
2030,IRQ,-7.060221065387399,-1632.8187994058612
2021,ISR,127.80821152818932,15380.439194078674
2022,ISR,128.60961239885063,15005.30323921092
2023,ISR,129.41101326951195,14630.167284343166
2024,ISR,130.21241414017328,14255.031329475412
2025,ISR,131.0138150108346,13879.895374607659
2026,ISR,131.81521588149593,13504.759419739905
2027,ISR,132.61661675215723,13129.623464872151
2028,ISR,133.41801762281855,12754.487510004397
2029,ISR,134.21941849347988,12379.351555136644
2030,ISR,135.0208193641412,12004.21560026889
2021,ITA,41086.525434518146,17369499.79346639
2022,ITA,42834.07246232982,19084327.594065133
2023,ITA,44581.6194901415,20799155.394663878
2024,ITA,46329.166517953185,22513983.195262626
2025,ITA,48076.71354576487,24228810.99586137
2026,ITA,49824.26057357655,25943638.796460114
2027,ITA,51571.807601388224,27658466.597058862
2028,ITA,53319.35462919991,29373294.397657607
2029,ITA,55066.90165701159,31088122.19825635
2030,ITA,56814.44868482327,32802949.9988551
2021,JAM,2361.941532451011,1369003.2009719363
2022,JAM,2355.9991439994274,1379767.3771310293
2023,JAM,2350.0567555478437,1390531.553290122
2024,JAM,2344.11436709626,1401295.7294492146
2025,JAM,2338.1719786446765,1412059.9056083076
2026,JAM,2332.229590193093,1422824.0817674003
2027,JAM,2326.2872017415093,1433588.257926493
2028,JAM,2320.3448132899257,1444352.4340855856
2029,JAM,2314.402424838342,1455116.6102446786
2030,JAM,2308.4600363867585,1465880.7864037713
2021,JEY,0.9124697848607156,93.37357584057438
2022,JEY,0.7847939877942565,77.7025528558689
2023,JEY,0.6571181907277972,62.03152987116343
2024,JEY,0.529442393661338,46.360506886457955
2025,JEY,0.4017665965948789,30.68948390175248
2026,JEY,0.27409079952841964,15.018460917047008
2027,JEY,0.1464150024619605,-0.6525620676584651
2028,JEY,0.018739205395501335,-16.32358505236394
2029,JEY,-0.10893659167095793,-31.994608037069412
2030,JEY,-0.23661238873741697,-47.665631021774885
2021,JOR,0.4813787828685066,99.70496002159489
2022,JOR,0.47405633119622215,97.646704580095
2023,JOR,0.46673387952393774,95.58844913859511
2024,JOR,0.4594114278516533,93.53019369709523
2025,JOR,0.45208897617936883,91.47193825559533
2026,JOR,0.44476652450708437,89.41368281409544
2027,JOR,0.43744407283479997,87.35542737259556
2028,JOR,0.4301216211625155,85.29717193109566
2029,JOR,0.42279916949023105,83.23891648959577
2030,JOR,0.4154767178179466,81.18066104809589
2021,JPN,52866.854759716305,27135871.531986576
2022,JPN,54937.99211761969,28244310.30289305
2023,JPN,57009.12947552306,29352749.07379953
2024,JPN,59080.266833426445,30461187.844706003
2025,JPN,61151.40419132982,31569626.615612477
2026,JPN,63222.541549233196,32678065.38651895
2027,JPN,65293.67890713658,33786504.157425426
2028,JPN,67364.81626503996,34894942.928331904
2029,JPN,69435.95362294333,36003381.699238375
2030,JPN,71507.09098084671,37111820.47014485
2021,KAZ,1405.8806160910585,715845.9460786536
2022,KAZ,1290.4392243736793,771290.4074706697
2023,KAZ,1174.9978326562998,826734.868862686
2024,KAZ,1059.5564409389206,882179.3302547021
2025,KAZ,944.1150492215413,937623.7916467183
2026,KAZ,828.673657504162,993068.2530387344
2027,KAZ,713.2322657867826,1048512.7144307506
2028,KAZ,597.7908740694033,1103957.1758227667
2029,KAZ,482.3494823520241,1159401.6372147829
2030,KAZ,366.90809063464485,1214846.0986067993
2021,KEN,17721.713591850752,10034064.86247827
2022,KEN,17702.23325978179,10125968.036214674
2023,KEN,17682.752927712834,10217871.20995108
2024,KEN,17663.272595643877,10309774.383687487
2025,KEN,17643.79226357492,10401677.557423891
2026,KEN,17624.31193150596,10493580.731160298
2027,KEN,17604.831599437002,10585483.904896703
2028,KEN,17585.351267368045,10677387.07863311
2029,KEN,17565.870935299085,10769290.252369516
2030,KEN,17546.390603230127,10861193.42610592
2021,KGZ,-48.64845651289626,-6546.190801218125
2022,KGZ,-66.21695601886425,-10877.009090681775
2023,KGZ,-83.78545552483226,-15207.827380145425
2024,KGZ,-101.35395503080025,-19538.645669609075
2025,KGZ,-118.92245453676824,-23869.463959072724
2026,KGZ,-136.49095404273626,-28200.282248536376
2027,KGZ,-154.05945354870425,-32531.100538000028
2028,KGZ,-171.62795305467225,-36861.918827463676
2029,KGZ,-189.19645256064024,-41192.737116927325
2030,KGZ,-206.76495206660823,-45523.55540639097
2021,KHM,153816.85843576834,92764260.33644451
2022,KHM,163048.89935048352,101817454.14823711
2023,KHM,172280.9402651987,110870647.9600297
2024,KHM,181512.9811799139,119923841.7718223
2025,KHM,190745.02209462912,128977035.5836149
2026,KHM,199977.0630093443,138030229.3954075
2027,KHM,209209.10392405948,147083423.2072001
2028,KHM,218441.1448387747,156136617.0189927
2029,KHM,227673.1857534899,165189810.83078527
2030,KHM,236905.22666820508,174243004.6425779
2021,KNA,-0.3307400351226799,1539.5360375924197
2022,KNA,-1.8790757458945104,1000.9201021449637
2023,KNA,-3.427411456666341,462.30416669750775
2024,KNA,-4.975747167438172,-76.31176874994844
2025,KNA,-6.524082878210002,-614.9277041974046
2026,KNA,-8.072418588981833,-1153.5436396448604
2027,KNA,-9.620754299753663,-1692.1595750923166
2028,KNA,-11.169090010525494,-2230.7755105397728
2029,KNA,-12.717425721297325,-2769.3914459872285
2030,KNA,-14.265761432069155,-3308.007381434685
2021,KOR,22969.15278208981,8609584.586954737
2022,KOR,23855.040427530184,8987810.22689215
2023,KOR,24740.92807297056,9366035.866829561
2024,KOR,25626.815718410937,9744261.506766973
2025,KOR,26512.70336385131,10122487.146704385
2026,KOR,27398.591009291686,10500712.786641795
2027,KOR,28284.478654732062,10878938.426579207
2028,KOR,29170.366300172434,11257164.06651662
2029,KOR,30056.253945612807,11635389.706454031
2030,KOR,30942.141591053183,12013615.346391443
2021,LAO,372822.3579262852,191498989.66863453
2022,LAO,385141.68096660805,198175514.29030007
2023,LAO,397461.0040069309,204852038.9119656
2024,LAO,409780.32704725384,211528563.53363112
2025,LAO,422099.6500875767,218205088.15529665
2026,LAO,434418.9731278996,224881612.7769622
2027,LAO,446738.29616822244,231558137.39862773
2028,LAO,459057.6192085453,238234662.02029324
2029,LAO,471376.9422488682,244911186.64195877
2030,LAO,483696.26528919104,251587711.2636243
2021,LBN,423.19489086246534,144081.03220046216
2022,LBN,435.80398127714494,148392.72441695118
2023,LBN,448.4130716918245,152704.41663344024
2024,LBN,461.022162106504,157016.10884992927
2025,LBN,473.6312525211836,161327.8010664183
2026,LBN,486.24034293586317,165639.49328290735
2027,LBN,498.84943335054277,169951.18549939638
2028,LBN,511.4585237652223,174262.8777158854
2029,LBN,524.0676141799019,178574.56993237443
2030,LBN,536.6767045945815,182886.26214886346
2021,LBR,221690.98714366788,132779832.60524333
2022,LBR,228654.103007809,139077387.60882246
2023,LBR,235617.2188719501,145374942.61240157
2024,LBR,242580.33473609123,151672497.6159807
2025,LBR,249543.45060023235,157970052.61955985
2026,LBR,256506.5664643735,164267607.62313896
2027,LBR,263469.6823285146,170565162.6267181
2028,LBR,270432.7981926557,176862717.63029724
2029,LBR,277395.9140567968,183160272.63387635
2030,LBR,284359.02992093796,189457827.6374555
2021,LBY,3.4437244014028687,338.54256970480844
2022,LBY,2.47096182361358,153.09828945344339
2023,LBY,1.4981992458242912,-32.34599079792167
2024,LBY,0.5254366680350024,-217.79027104928673
2025,LBY,-0.4473259097542863,-403.2345513006518
2026,LBY,-1.420088487543575,-588.6788315520168
2027,LBY,-2.392851065332864,-774.123111803382
2028,LBY,-3.3656136431221526,-959.567392054747
2029,LBY,-4.338376220911442,-1145.011672306112
2030,LBY,-5.31113879870073,-1330.455952557477
2021,LCA,56.70236318129367,21484.192479673355
2022,LCA,57.27784400391357,19433.079745578685
2023,LCA,57.85332482653347,17381.96701148402
2024,LCA,58.428805649153375,15330.854277389351
2025,LCA,59.00428647177328,13279.741543294684
2026,LCA,59.57976729439318,11228.628809200018
2027,LCA,60.15524811701307,9177.51607510535
2028,LCA,60.730728939632975,7126.403341010682
2029,LCA,61.30620976225288,5075.290606916016
2030,LCA,61.88169058487278,3024.1778728213467
2021,LIE,5.719645389135525,3685.5405626856314
2022,LIE,5.685254943837496,3678.4255409534044
2023,LIE,5.650864498539467,3671.3105192211774
2024,LIE,5.616474053241438,3664.1954974889504
2025,LIE,5.582083607943409,3657.080475756724
2026,LIE,5.5476931626453805,3649.965454024497
2027,LIE,5.513302717347352,3642.85043229227
2028,LIE,5.478912272049323,3635.735410560043
2029,LIE,5.444521826751294,3628.620388827816
2030,LIE,5.410131381453265,3621.505367095589
2021,LKA,13094.92151367899,5731103.586747358
2022,LKA,13091.063362349012,5908489.628061532
2023,LKA,13087.205211019034,6085875.669375706
2024,LKA,13083.347059689055,6263261.710689881
2025,LKA,13079.488908359077,6440647.752004055
2026,LKA,13075.6307570291,6618033.793318229
2027,LKA,13071.772605699121,6795419.834632403
2028,LKA,13067.914454369144,6972805.875946578
2029,LKA,13064.056303039166,7150191.917260752
2030,LKA,13060.198151709186,7327577.9585749265
2021,LSO,11.65591840168959,2713.55803153753
2022,LSO,12.211061804201318,2849.7346457799963
2023,LSO,12.766205206713046,2985.9112600224626
2024,LSO,13.321348609224772,3122.0878742649293
2025,LSO,13.876492011736499,3258.264488507396
2026,LSO,14.431635414248227,3394.4411027498622
2027,LSO,14.986778816759955,3530.6177169923285
2028,LSO,15.541922219271681,3666.794331234795
2029,LSO,16.097065621783408,3802.970945477262
2030,LSO,16.652209024295136,3939.147559719728
2021,LTU,24706.985454248552,9823895.275872735
2022,LTU,25485.77880508646,10255847.709720425
2023,LTU,26264.57215592436,10687800.143568113
2024,LTU,27043.365506762268,11119752.577415803
2025,LTU,27822.15885760017,11551705.011263492
2026,LTU,28600.952208438073,11983657.445111182
2027,LTU,29379.74555927598,12415609.87895887
2028,LTU,30158.538910113883,12847562.312806558
2029,LTU,30937.33226095179,13279514.746654248
2030,LTU,31716.125611789692,13711467.180501936
2021,LUX,564.3170422861123,357903.8832760239
2022,LUX,579.929244218069,370598.6336162573
2023,LUX,595.5414461500259,383293.3839564906
2024,LUX,611.1536480819826,395988.13429672393
2025,LUX,626.7658500139394,408682.8846369573
2026,LUX,642.3780519458961,421377.63497719064
2027,LUX,657.9902538778529,434072.38531742396
2028,LUX,673.6024558098097,446767.1356576573
2029,LUX,689.2146577417665,459461.88599789067
2030,LUX,704.8268596737232,472156.636338124
2021,LVA,53578.71316813865,19629340.184703305
2022,LVA,55439.43126890016,20397312.64892884
2023,LVA,57300.14936966166,21165285.113154374
2024,LVA,59160.86747042317,21933257.577379905
2025,LVA,61021.58557118467,22701230.04160544
2026,LVA,62882.30367194617,23469202.505830973
2027,LVA,64743.02177270767,24237174.970056508
2028,LVA,66603.73987346917,25005147.434282042
2029,LVA,68464.45797423068,25773119.898507573
2030,LVA,70325.17607499218,26541092.362733107
2021,MAC,1.2441834564627066,0.9613536572066371
2022,MAC,1.1784607818622443,0.5011491267209314
2023,MAC,1.1127381072617823,0.040944596235225506
2024,MAC,1.0470154326613201,-0.41925993425048014
2025,MAC,0.9812927580608579,-0.8794644647361858
2026,MAC,0.9155700834603957,-1.3396689952218919
2027,MAC,0.8498474088599335,-1.7998735257075975
2028,MAC,0.7841247342594714,-2.2600780561933034
2029,MAC,0.7184020596590092,-2.7202825866790095
2030,MAC,0.6526793850585471,-3.1804871171647147
2021,MAF,2.1474461057102436,665.1532725357036
2022,MAF,2.0648860327321916,629.4927395673436
2023,MAF,1.9823259597541396,593.8322065989836
2024,MAF,1.8997658867760874,558.1716736306237
2025,MAF,1.8172058137980354,522.5111406622636
2026,MAF,1.7346457408199834,486.8506076939036
2027,MAF,1.6520856678419311,451.1900747255436
2028,MAF,1.569525594863879,415.52954175718355
2029,MAF,1.486965521885827,379.8690087888235
2030,MAF,1.404405448907775,344.2084758204635
2021,MAR,1779.2521487438623,654574.1364514977
2022,MAR,1778.2058017687455,674738.4808981738
2023,MAR,1777.1594547936286,694902.8253448498
2024,MAR,1776.1131078185117,715067.1697915259
2025,MAR,1775.0667608433946,735231.5142382019
2026,MAR,1774.0204138682777,755395.858684878
2027,MAR,1772.9740668931609,775560.2031315541
2028,MAR,1771.927719918044,795724.5475782302
2029,MAR,1770.881372942927,815888.8920249062
2030,MAR,1769.8350259678102,836053.2364715823
2021,MDA,1159.6995959218289,382772.8083720648
2022,MDA,1247.3433259514454,414156.72009289224
2023,MDA,1334.987055981062,445540.63181371964
2024,MDA,1422.6307860106785,476924.5435345471
2025,MDA,1510.274516040295,508308.4552553745
2026,MDA,1597.9182460699117,539692.3669762019
2027,MDA,1685.5619760995282,571076.2786970293
2028,MDA,1773.2057061291448,602460.1904178567
2029,MDA,1860.8494361587614,633844.1021386841
2030,MDA,1948.493166188378,665228.0138595116
2021,MDG,258224.29243318064,132197752.287298
2022,MDG,264331.68312925566,134944559.9032475
2023,MDG,270439.07382533065,137691367.519197
2024,MDG,276546.4645214057,140438175.1351465
2025,MDG,282653.8552174807,143184982.751096
2026,MDG,288761.24591355573,145931790.36704552
2027,MDG,294868.6366096307,148678597.98299503
2028,MDG,300976.0273057057,151425405.59894454
2029,MDG,307083.41800178075,154172213.21489406
2030,MDG,313190.80869785574,156919020.83084354
2021,MDV,5.0344029725588095,116.64385064158415
2022,MDV,5.109659307716615,110.2510368822261
2023,MDV,5.184915642874419,103.85822312286807
2024,MDV,5.260171978032224,97.46540936351002
2025,MDV,5.335428313190028,91.07259560415199
2026,MDV,5.410684648347833,84.67978184479395
2027,MDV,5.485940983505637,78.28696808543592
2028,MDV,5.561197318663442,71.89415432607787
2029,MDV,5.636453653821246,65.50134056671982
2030,MDV,5.711709988979051,59.108526807361784
2021,MEX,285874.2121570523,143718349.0868279
2022,MEX,292512.46114623133,147522105.45075658
2023,MEX,299150.7101354103,151325861.81468523
2024,MEX,305788.95912458934,155129618.17861387
2025,MEX,312427.2081137683,158933374.54254255
2026,MEX,319065.4571029473,162737130.9064712
2027,MEX,325703.7060921263,166540887.27039984
2028,MEX,332341.9550813053,170344643.6343285
2029,MEX,338980.20407048427,174148399.99825716
2030,MEX,345618.4530596633,177952156.36218584
2021,MKD,1832.9719770227698,901913.1191325836
2022,MKD,1853.249968391089,940718.8569614426
2023,MKD,1873.5279597594083,979524.5947903015
2024,MKD,1893.8059511277274,1018330.3326191605
2025,MKD,1914.0839424960468,1057136.0704480195
2026,MKD,1934.3619338643662,1095941.8082768784
2027,MKD,1954.6399252326853,1134747.5461057373
2028,MKD,1974.9179166010047,1173553.2839345965
2029,MKD,1995.195907969324,1212359.0217634556
2030,MKD,2015.4738993376432,1251164.7595923145
2021,MLI,240.70670322544035,56923.91828914886
2022,MLI,245.9819250593946,54355.97060261034
2023,MLI,251.25714689334887,51788.02291607181
2024,MLI,256.5323687273031,49220.075229533286
2025,MLI,261.80759056125737,46652.12754299476
2026,MLI,267.0828123952116,44084.179856456234
2027,MLI,272.35803422916587,41516.232169917705
2028,MLI,277.63325606312014,38948.284483379175
2029,MLI,282.90847789707436,36380.33679684065
2030,MLI,288.18369973102864,33812.38911030213
2021,MLT,0.2333430588210192,73.47777285356905
2022,MLT,0.12842431828987136,49.5246489937233
2023,MLT,0.023505577758723528,25.571525133877543
2024,MLT,-0.08141316277242427,1.6184012740317826
2025,MLT,-0.18633190330357213,-22.334722585813978
2026,MLT,-0.29125064383471994,-46.287846445659724
2027,MLT,-0.39616938436586774,-70.24097030550548
2028,MLT,-0.5010881248970156,-94.19409416535125
2029,MLT,-0.6060068654281634,-118.147218025197
2030,MLT,-0.7109256059593112,-142.10034188504278
2021,MMR,356898.2803210976,193412931.01893786
2022,MMR,372389.8323735775,201920283.80836412
2023,MMR,387881.38442605746,210427636.59779042
2024,MMR,403372.9364785374,218934989.38721672
2025,MMR,418864.4885310173,227442342.176643
2026,MMR,434356.04058349726,235949694.96606928
2027,MMR,449847.5926359772,244457047.75549558
2028,MMR,465339.14468845713,252964400.54492188
2029,MMR,480830.69674093707,261471753.33434814
2030,MMR,496322.248793417,269979106.1237744
2021,MNE,1292.0391724061947,546899.5872915325
2022,MNE,1331.9239049805747,564674.9045693433
2023,MNE,1371.8086375549549,582450.221847154
2024,MNE,1411.693370129335,600225.5391249647
2025,MNE,1451.578102703715,618000.8564027754
2026,MNE,1491.4628352780953,635776.1736805862
2027,MNE,1531.3475678524755,653551.4909583968
2028,MNE,1571.2323004268555,671326.8082362076
2029,MNE,1611.1170330012358,689102.1255140182
2030,MNE,1651.001765575616,706877.4427918289
2021,MNG,2322.05487731414,843612.5764263446
2022,MNG,666.0631287324768,761393.6786418946
2023,MNG,-989.9286198491859,679174.7808574447
2024,MNG,-2645.920368430849,596955.8830729949
2025,MNG,-4301.912117012513,514736.9852885449
2026,MNG,-5957.903865594175,432518.08750409505
2027,MNG,-7613.895614175839,350299.1897196451
2028,MNG,-9269.887362757501,268080.2919351952
2029,MNG,-10925.879111339164,185861.39415074536
2030,MNG,-12581.870859920828,103642.49636629538
2021,MOZ,258033.33187368157,100001124.66598248
2022,MOZ,263878.8881233913,103036111.37527254
2023,MOZ,269724.44437310105,106071098.0845626
2024,MOZ,275570.00062281074,109106084.79385267
2025,MOZ,281415.5568725205,112141071.50314273
2026,MOZ,287261.1131222302,115176058.21243279
2027,MOZ,293106.66937193996,118211044.92172284
2028,MOZ,298952.2256216497,121246031.63101292
2029,MOZ,304797.78187135945,124281018.34030297
2030,MOZ,310643.3381210692,127316005.04959303
2021,MRT,-15.808464478814454,-3071.885152351455
2022,MRT,-25.45608128721013,-4571.092381690195
2023,MRT,-35.1036980956058,-6070.299611028935
2024,MRT,-44.751314904001475,-7569.506840367675
2025,MRT,-54.39893171239715,-9068.714069706415
2026,MRT,-64.04654852079283,-10567.921299045156
2027,MRT,-73.69416532918851,-12067.128528383897
2028,MRT,-83.34178213758418,-13566.335757722636
2029,MRT,-92.98939894597984,-15065.542987061375
2030,MRT,-102.63701575437553,-16564.750216400116
2021,MSR,6.604606484363893,-2581.1850260475153
2022,MSR,6.188773270211798,-4013.8543328212363
2023,MSR,5.772940056059703,-5446.523639594957
2024,MSR,5.3571068419076076,-6879.192946368678
2025,MSR,4.941273627755512,-8311.8622531424
2026,MSR,4.525440413603418,-9744.531559916119
2027,MSR,4.109607199451322,-11177.20086668984
2028,MSR,3.693773985299227,-12609.870173463562
2029,MSR,3.2779407711471316,-14042.539480237283
2030,MSR,2.8621075569950367,-15475.208787011004
2021,MTQ,66.18969301260478,38708.06804128492
2022,MTQ,58.99914211231399,37394.51570997049
2023,MTQ,51.80859121202319,36080.963378656066
2024,MTQ,44.6180403117324,34767.411047341644
2025,MTQ,37.4274894114416,33453.85871602722
2026,MTQ,30.236938511150804,32140.306384712792
2027,MTQ,23.04638761086001,30826.75405339837
2028,MTQ,15.855836710569214,29513.201722083948
2029,MTQ,8.66528581027842,28199.649390769522
2030,MTQ,1.4747349099876175,26886.097059455096
2021,MUS,318.5041862634861,132242.5990980656
2022,MUS,339.55555436866507,140397.45847218388
2023,MUS,360.60692247384407,148552.31784630215
2024,MUS,381.658290579023,156707.17722042042
2025,MUS,402.709658684202,164862.0365945387
2026,MUS,423.761026789381,173016.89596865693
2027,MUS,444.81239489455993,181171.7553427752
2028,MUS,465.8637629997389,189326.61471689347
2029,MUS,486.9151311049179,197481.47409101174
2030,MUS,507.9664992100969,205636.33346513
2021,MWI,16248.450756149778,6557832.833436715
2022,MWI,16868.974598478322,6808247.038953908
2023,MWI,17489.498440806863,7058661.2444711
2024,MWI,18110.022283135408,7309075.4499882925
2025,MWI,18730.546125463952,7559489.655505486
2026,MWI,19351.069967792497,7809903.861022677
2027,MWI,19971.59381012104,8060318.066539871
2028,MWI,20592.117652449586,8310732.272057063
2029,MWI,21212.64149477813,8561146.477574255
2030,MWI,21833.16533710667,8811560.683091447
2021,MYS,341473.9282409202,145602830.73052952
2022,MYS,301324.33304827375,114553387.07816942
2023,MYS,261174.73785562738,83503943.42580932
2024,MYS,221025.14266298097,52454499.77344921
2025,MYS,180875.54747033457,21405056.1210891
2026,MYS,140725.9522776882,-9644387.53127098
2027,MYS,100576.35708504176,-40693831.18363109
2028,MYS,60426.761892395385,-71743274.8359912
2029,MYS,20277.16669974901,-102792718.48835129
2030,MYS,-19872.428492897423,-133842162.14071143
2021,MYT,210.12206859166275,53147.56032698852
2022,MYT,219.12643378597392,53203.00665445702
2023,MYT,228.13079898028508,53258.45298192553
2024,MYT,237.13516417459624,53313.89930939404
2025,MYT,246.1395293689074,53369.34563686254
2026,MYT,255.14389456321857,53424.791964331045
2027,MYT,264.14825975752973,53480.23829179956
2028,MYT,273.1526249518409,53535.68461926806
2029,MYT,282.15699014615205,53591.130946736565
2030,MYT,291.1613553404632,53646.57727420507
2021,NAM,3.265574928108006,-1309.1200157514281
2022,NAM,4.547503503414443,-1694.3553632469082
2023,NAM,5.829432078720881,-2079.590710742388
2024,NAM,7.111360654027318,-2464.826058237868
2025,NAM,8.393289229333757,-2850.0614057333482
2026,NAM,9.675217804640193,-3235.2967532288285
2027,NAM,10.957146379946629,-3620.5321007243083
2028,NAM,12.239074955253066,-4005.767448219788
2029,NAM,13.521003530559504,-4391.002795715268
2030,NAM,14.802932105865942,-4776.238143210749
2021,NCL,2074.155637620425,904681.0982698479
2022,NCL,2184.7552563548898,958300.7614506864
2023,NCL,2295.354875089354,1011920.4246315248
2024,NCL,2405.9544938238187,1065540.0878123632
2025,NCL,2516.5541125582836,1119159.7509932015
2026,NCL,2627.153731292748,1172779.4141740398
2027,NCL,2737.753350027213,1226399.0773548784
2028,NCL,2848.3529687616774,1280018.7405357168
2029,NCL,2958.952587496142,1333638.403716555
2030,NCL,3069.5522062306068,1387258.0668973937
2021,NER,-0.020282023530190665,-6.2191319006343795
2022,NER,-0.08687558919840503,-14.516486947693128
2023,NER,-0.15346915486661938,-22.813841994751876
2024,NER,-0.22006272053483378,-31.111197041810627
2025,NER,-0.28665628620304817,-39.40855208886938
2026,NER,-0.3532498518712625,-47.70590713592812
2027,NER,-0.41984341753947685,-56.00326218298687
2028,NER,-0.48643698320769124,-64.30061723004563
2029,NER,-0.5530305488759056,-72.59797227710438
2030,NER,-0.61962411454412,-80.89532732416313
2021,NGA,104832.22228767964,61959342.09755449
2022,NGA,106910.700655334,63651659.40432174
2023,NGA,108989.17902298838,65343976.71108899
2024,NGA,111067.65739064274,67036294.01785624
2025,NGA,113146.13575829711,68728611.3246235
2026,NGA,115224.61412595148,70420928.63139075
2027,NGA,117303.09249360584,72113245.938158
2028,NGA,119381.57086126022,73805563.24492525
2029,NGA,121460.04922891458,75497880.5516925
2030,NGA,123538.52759656895,77190197.85845976
2021,NIC,114485.12859041472,65002254.23711851
2022,NIC,116382.77248074324,66363383.56445066
2023,NIC,118280.41637107175,67724512.8917828
2024,NIC,120178.06026140027,69085642.21911496
2025,NIC,122075.70415172879,70446771.5464471
2026,NIC,123973.3480420573,71807900.87377925
2027,NIC,125870.9919323858,73169030.2011114
2028,NIC,127768.63582271434,74530159.52844355
2029,NIC,129666.27971304284,75891288.85577568
2030,NIC,131563.92360337137,77252418.18310784
2021,NLD,2070.122221809674,1079741.076011567
2022,NLD,2151.4412473420653,1160171.7730058779
2023,NLD,2232.760272874456,1240602.4700001886
2024,NLD,2314.079298406847,1321033.1669944995
2025,NLD,2395.398323939238,1401463.8639888102
2026,NLD,2476.717349471629,1481894.560983121
2027,NLD,2558.0363750040196,1562325.2579774316
2028,NLD,2639.3554005364103,1642755.9549717426
2029,NLD,2720.6744260688015,1723186.6519660535
2030,NLD,2801.993451601192,1803617.3489603642
2021,NOR,67063.24964821347,19872098.295915388
2022,NOR,68524.94555226898,20991827.21260637
2023,NOR,69986.64145632448,22111556.12929735
2024,NOR,71448.33736037998,23231285.045988332
2025,NOR,72910.0332644355,24351013.96267931
2026,NOR,74371.729168491,25470742.879370295
2027,NOR,75833.42507254651,26590471.796061274
2028,NOR,77295.120976602,27710200.712752253
2029,NOR,78756.81688065751,28829929.629443236
2030,NOR,80218.51278471302,29949658.54613422
2021,NPL,1979.9653026002559,1167572.7937607744
2022,NPL,1976.7040144938444,1189822.2478785568
2023,NPL,1973.4427263874331,1212071.701996339
2024,NPL,1970.1814382810217,1234321.1561141214
2025,NPL,1966.9201501746104,1256570.6102319038
2026,NPL,1963.658862068199,1278820.0643496863
2027,NPL,1960.3975739617877,1301069.5184674687
2028,NPL,1957.1362858553762,1323318.972585251
2029,NPL,1953.874997748965,1345568.4267030333
2030,NPL,1950.6137096425537,1367817.8808208157
2021,NZL,73530.9513133741,53508100.03589526
2022,NZL,74276.55264623064,54754411.98077947
2023,NZL,75022.15397908718,56000723.92566367
2024,NZL,75767.7553119437,57247035.870547876
2025,NZL,76513.35664480024,58493347.81543209
2026,NZL,77258.95797765678,59739659.76031629
2027,NZL,78004.55931051332,60985971.70520049
2028,NZL,78750.16064336985,62232283.650084704
2029,NZL,79495.76197622638,63478595.594968915
2030,NZL,80241.36330908292,64724907.53985312
2021,PAK,52.87676056873613,17715.352682391123
2022,PAK,38.12802673070227,9532.066248144569
2023,PAK,23.379292892668403,1348.779813898018
2024,PAK,8.630559054634546,-6834.506620348537
2025,PAK,-6.118174783399311,-15017.793054595091
2026,PAK,-20.866908621433183,-23201.07948884164
2027,PAK,-35.61564245946704,-31384.365923088193
2028,PAK,-50.3643762975009,-39567.65235733475
2029,PAK,-65.11311013553477,-47750.9387915813
2030,PAK,-79.86184397356861,-55934.22522582786
2021,PAN,31689.41920569238,18185529.526763
2022,PAN,33355.520036171794,19153627.806849565
2023,PAN,35021.62086665121,20121726.08693613
2024,PAN,36687.721697130626,21089824.367022693
2025,PAN,38353.82252761004,22057922.647109255
2026,PAN,40019.92335808945,23026020.92719582
2027,PAN,41686.024188568874,23994119.207282387
2028,PAN,43352.12501904828,24962217.48736895
2029,PAN,45018.225849527706,25930315.76745551
2030,PAN,46684.326680007114,26898414.047542077
2021,PER,260669.4120181101,167013866.0301925
2022,PER,269742.2104131075,173018612.7638886
2023,PER,278815.0088081048,179023359.49758467
2024,PER,287887.80720310216,185028106.23128074
2025,PER,296960.60559809953,191032852.96497682
2026,PER,306033.4039930969,197037599.6986729
2027,PER,315106.2023880943,203042346.432369
2028,PER,324179.0007830916,209047093.16606507
2029,PER,333251.79917808896,215051839.89976114
2030,PER,342324.5975730863,221056586.63345724
2021,PHL,94778.84168494717,55911383.23189419
2022,PHL,96486.28215455834,56956157.56113576
2023,PHL,98193.72262416953,58000931.890377335
2024,PHL,99901.1630937807,59045706.21961891
2025,PHL,101608.60356339188,60090480.54886048
2026,PHL,103316.04403300307,61135254.87810206
2027,PHL,105023.48450261424,62180029.20734363
2028,PHL,106730.92497222542,63224803.536585204
2029,PHL,108438.36544183659,64269577.86582678
2030,PHL,110145.80591144777,65314352.19506835
2021,PLW,22.51307910166146,26010.634154083862
2022,PLW,20.610273948056445,25407.049899370628
2023,PLW,18.70746879445143,24803.465644657394
2024,PLW,16.804663640846417,24199.88138994416
2025,PLW,14.901858487241403,23596.297135230925
2026,PLW,12.99905333363639,22992.71288051769
2027,PLW,11.096248180031376,22389.128625804457
2028,PLW,9.193443026426362,21785.544371091222
2029,PLW,7.290637872821346,21181.960116377988
2030,PLW,5.387832719216334,20578.375861664754
2021,PNG,82742.3832751184,65509067.98456182
2022,PNG,85428.29033054652,67712485.56115563
2023,PNG,88114.19738597464,69915903.13774943
2024,PNG,90800.10444140276,72119320.71434323
2025,PNG,93486.01149683088,74322738.29093704
2026,PNG,96171.918552259,76526155.86753084
2027,PNG,98857.82560768712,78729573.44412464
2028,PNG,101543.73266311524,80932991.02071846
2029,PNG,104229.63971854336,83136408.59731224
2030,PNG,106915.54677397148,85339826.17390606
2021,POL,91512.85733253877,39116019.168513454
2022,POL,95515.74386051475,40829448.18566495
2023,POL,99518.63038849072,42542877.20281644
2024,POL,103521.5169164667,44256306.21996793
2025,POL,107524.40344444267,45969735.23711942
2026,POL,111527.28997241864,47683164.25427092
2027,POL,115530.17650039462,49396593.27142241
2028,POL,119533.0630283706,51110022.288573906
2029,POL,123535.94955634658,52823451.305725396
2030,POL,127538.83608432255,54536880.322876886
2021,PRI,642.8420391280702,490549.21226615796
2022,PRI,594.4451321115602,478389.4887787988
2023,PRI,546.0482250950502,466229.76529143954
2024,PRI,497.65131807854016,454070.0418040803
2025,PRI,449.25441106203016,441910.3183167211
2026,PRI,400.85750404552016,429750.5948293619
2027,PRI,352.46059702901016,417590.87134200265
2028,PRI,304.06369001250016,405431.1478546434
2029,PRI,255.66678299599016,393271.4243672842
2030,PRI,207.26987597948016,381111.700879925
2021,PRK,15526.31347408632,6638344.052739123
2022,PRK,15717.975061253543,7003854.44965404
2023,PRK,15909.636648420763,7369364.846568956
2024,PRK,16101.298235587985,7734875.243483873
2025,PRK,16292.959822755205,8100385.640398789
2026,PRK,16484.621409922427,8465896.037313705
2027,PRK,16676.28299708965,8831406.434228621
2028,PRK,16867.944584256868,9196916.83114354
2029,PRK,17059.60617142409,9562427.228058456
2030,PRK,17251.26775859131,9927937.624973372
2021,PRT,75151.89486670707,24913895.38076645
2022,PRT,76554.54378771373,25834948.556634765
2023,PRT,77957.1927087204,26756001.732503083
2024,PRT,79359.84162972706,27677054.9083714
2025,PRT,80762.49055073372,28598108.084239714
2026,PRT,82165.13947174039,29519161.26010803
2027,PRT,83567.78839274705,30440214.43597635
2028,PRT,84970.43731375372,31361267.611844666
2029,PRT,86373.08623476038,32282320.78771298
2030,PRT,87775.73515576706,33203373.963581298
2021,PRY,245423.7315613151,76996197.55399345
2022,PRY,227855.50211032428,75023669.60266986
2023,PRY,210287.27265933342,73051141.6513463
2024,PRY,192719.0432083426,71078613.70002271
2025,PRY,175150.81375735177,69106085.74869913
2026,PRY,157582.58430636092,67133557.79737554
2027,PRY,140014.3548553701,65161029.84605197
2028,PRY,122446.12540437927,63188501.89472839
2029,PRY,104877.89595338845,61215973.94340481
2030,PRY,87309.66650239762,59243445.992081225
2021,PSE,0.466052110945795,171.44161134387696
2022,PSE,0.41134788372551023,165.29637665934487
2023,PSE,0.3566436565052255,159.1511419748128
2024,PSE,0.3019394292849407,153.00590729028067
2025,PSE,0.24723520206465593,146.86067260574856
2026,PSE,0.1925309748443712,140.71543792121648
2027,PSE,0.13782674762408642,134.5702032366844
2028,PSE,0.08312252040380164,128.42496855215228
2029,PSE,0.028418293183516852,122.27973386762018
2030,PSE,-0.026285934036767933,116.13449918308808
2021,REU,672.1837580107895,345047.621660659
2022,REU,711.0971765615376,364807.6902710635
2023,REU,750.0105951122858,384567.758881468
2024,REU,788.924013663034,404327.82749187254
2025,REU,827.8374322137822,424087.89610227704
2026,REU,866.7508507645305,443847.96471268154
2027,REU,905.6642693152786,463608.0333230861
2028,REU,944.5776878660267,483368.1019334906
2029,REU,983.491106416775,503128.1705438951
2030,REU,1022.4045249675232,522888.2391542996
2021,ROU,22430.235198738515,12351004.984878903
2022,ROU,22689.367893440965,12656619.557962382
2023,ROU,22948.500588143415,12962234.13104586
2024,ROU,23207.633282845865,13267848.704129338
2025,ROU,23466.765977548315,13573463.277212817
2026,ROU,23725.898672250765,13879077.850296296
2027,ROU,23985.031366953215,14184692.423379775
2028,ROU,24244.164061655665,14490306.996463252
2029,ROU,24503.296756358115,14795921.569546731
2030,ROU,24762.429451060565,15101536.14263021
2021,RUS,5439540.16055936,978132982.4569317
2022,RUS,5658237.585938368,1008650107.6811295
2023,RUS,5876935.011317375,1039167232.9053273
2024,RUS,6095632.436696382,1069684358.1295251
2025,RUS,6314329.86207539,1100201483.3537228
2026,RUS,6533027.287454397,1130718608.5779204
2027,RUS,6751724.712833405,1161235733.8021183
2028,RUS,6970422.138212413,1191752859.0263162
2029,RUS,7189119.56359142,1222269984.2505138
2030,RUS,7407816.988970427,1252787109.4747117
2021,RWA,3335.3015256172325,2764067.159017577
2022,RWA,3455.513475002025,2947945.587131657
2023,RWA,3575.7254243868174,3131824.015245738
2024,RWA,3695.9373737716096,3315702.4433598183
2025,RWA,3816.149323156402,3499580.871473899
2026,RWA,3936.361272541194,3683459.29958798
2027,RWA,4056.5732219259867,3867337.7277020607
2028,RWA,4176.785171310779,4051216.155816141
2029,RWA,4296.997120695571,4235094.583930221
2030,RWA,4417.209070080364,4418973.012044302
2021,SDN,45.51037960424667,17459.072269709322
2022,SDN,44.67766503905804,18523.219409518268
2023,SDN,43.84495047386941,19587.366549327213
2024,SDN,43.01223590868078,20651.51368913616
2025,SDN,42.17952134349215,21715.660828945103
2026,SDN,41.34680677830352,22779.807968754052
2027,SDN,40.514092213114886,23843.955108562997
2028,SDN,39.681377647926254,24908.102248371943
2029,SDN,38.84866308273762,25972.249388180888
2030,SDN,38.01594851754899,27036.396527989833
2021,SEN,444.16449360911497,89256.97279451521
2022,SEN,466.5937856933631,92639.67039223837
2023,SEN,489.0230777776112,96022.36798996152
2024,SEN,511.4523698618593,99405.06558768469
2025,SEN,533.8816619461074,102787.76318540784
2026,SEN,556.3109540303556,106170.460783131
2027,SEN,578.7402461146037,109553.15838085415
2028,SEN,601.1695381988518,112935.85597857731
2029,SEN,623.5988302830999,116318.55357630046
2030,SEN,646.028122367348,119701.25117402361
2021,SGP,232.36552061138514,132542.46922766135
2022,SGP,243.1158509392664,141726.96883069677
2023,SGP,253.8661812671477,150911.46843373223
2024,SGP,264.616511595029,160095.96803676765
2025,SGP,275.3668419229103,169280.4676398031
2026,SGP,286.11717225079155,178464.96724283852
2027,SGP,296.8675025786729,187649.46684587398
2028,SGP,307.61783290655416,196833.96644890943
2029,SGP,318.3681632344354,206018.46605194485
2030,SGP,329.11849356231676,215202.96565498027
2021,SLB,15690.39390987905,12559365.07099421
2022,SLB,16218.668656435288,12955805.929215997
2023,SLB,16746.943402991525,13352246.787437784
2024,SLB,17275.21814954776,13748687.64565957
2025,SLB,17803.492896104,14145128.503881358
2026,SLB,18331.767642660234,14541569.362103144
2027,SLB,18860.042389216473,14938010.22032493
2028,SLB,19388.317135772708,15334451.078546718
2029,SLB,19916.591882328947,15730891.936768506
2030,SLB,20444.866628885182,16127332.794990292
2021,SLE,161315.4806133216,83153271.71788096
2022,SLE,162253.8712600176,83731748.1421461
2023,SLE,163192.2619067136,84310224.56641124
2024,SLE,164130.65255340957,84888700.99067637
2025,SLE,165069.04320010557,85467177.4149415
2026,SLE,166007.43384680158,86045653.83920664
2027,SLE,166945.82449349758,86624130.26347177
2028,SLE,167884.21514019358,87202606.68773691
2029,SLE,168822.6057868896,87781083.11200204
2030,SLE,169760.9964335856,88359559.53626718
2021,SLV,2257.9291627342564,954386.4301617071
2022,SLV,2070.51387502722,801617.8669402847
2023,SLV,1883.0985873201835,648849.3037188624
2024,SLV,1695.683299613147,496080.74049743987
2025,SLV,1508.2680119061106,343312.1772760174
2026,SLV,1320.8527241990744,190543.614054595
2027,SLV,1133.437436492038,37775.05083317263
2028,SLV,946.0221487850015,-114993.51238824986
2029,SLV,758.606861077965,-267762.07560967235
2030,SLV,571.1915733709286,-420530.63883109484
2021,SMR,0.2562087639356782,71.18355645407368
2022,SMR,0.2510695535096453,71.6897059833922
2023,SMR,0.24593034308361247,72.19585551271074
2024,SMR,0.24079113265757962,72.70200504202926
2025,SMR,0.23565192223154674,73.20815457134778
2026,SMR,0.23051271180551386,73.7143041006663
2027,SMR,0.225373501379481,74.22045362998482
2028,SMR,0.22023429095344813,74.72660315930334
2029,SMR,0.21509508052741527,75.23275268862187
2030,SMR,0.2099558701013824,75.73890221794039
2021,SOM,164.23404658098957,31557.57240874164
2022,SOM,160.19856417344,30709.656822843644
2023,SOM,156.16308176589044,29861.741236945647
2024,SOM,152.12759935834086,29013.825651047653
2025,SOM,148.0921169507913,28165.910065149656
2026,SOM,144.05663454324173,27317.99447925166
2027,SOM,140.02115213569218,26470.078893353664
2028,SOM,135.9856697281426,25622.163307455667
2029,SOM,131.95018732059305,24774.247721557673
2030,SOM,127.91470491304347,23926.332135659675
2021,SPM,0.9396558578296456,-2.2785298328346757
2022,SPM,0.9643765172512747,-3.3338309237454666
2023,SPM,0.9890971766729039,-4.389132014656257
2024,SPM,1.013817836094533,-5.444433105567048
2025,SPM,1.038538495516162,-6.499734196477838
2026,SPM,1.0632591549377912,-7.555035287388629
2027,SPM,1.0879798143594204,-8.610336378299419
2028,SPM,1.1127004737810495,-9.665637469210209
2029,SPM,1.1374211332026787,-10.720938560120999
2030,SPM,1.1621417926243078,-11.776239651031789
2021,SRB,4486.401745983628,2422301.666618447
2022,SRB,4634.615303299725,2542325.116580057
2023,SRB,4782.828860615822,2662348.5665416676
2024,SRB,4931.04241793192,2782372.0165032777
2025,SRB,5079.255975248017,2902395.4664648883
2026,SRB,5227.469532564115,3022418.9164264984
2027,SRB,5375.683089880213,3142442.366388109
2028,SRB,5523.8966471963095,3262465.8163497197
2029,SRB,5672.110204512407,3382489.26631133
2030,SRB,5820.323761828505,3502512.71627294
2021,SSD,2607.8523202376728,1466835.7192097323
2022,SSD,2164.6031012295166,1379901.951534664
2023,SSD,1721.3538822213607,1292968.183859596
2024,SSD,1278.1046632132047,1206034.4161845278
2025,SSD,834.855444205049,1119100.6485094598
2026,SSD,391.60622519689286,1032166.8808343918
2027,SSD,-51.642993811263295,945233.1131593237
2028,SSD,-494.892212819419,858299.3454842556
2029,SSD,-938.1414318275747,771365.5778091875
2030,SSD,-1381.3906508357304,684431.8101341194
2021,SUR,19303.868746565277,15078586.032440495
2022,SUR,20165.49876577161,15787516.525577364
2023,SUR,21027.12878497794,16496447.018714234
2024,SUR,21888.758804184272,17205377.511851106
2025,SUR,22750.388823390604,17914308.004987974
2026,SUR,23612.01884259694,18623238.498124845
2027,SUR,24473.64886180327,19332168.991261713
2028,SUR,25335.278881009603,20041099.484398585
2029,SUR,26196.908900215934,20750029.977535453
2030,SUR,27058.538919422266,21458960.470672324
2021,SVK,13365.188188840553,8003441.499852812
2022,SVK,13307.41427592102,8139135.4606493795
2023,SVK,13249.640363001487,8274829.421445947
2024,SVK,13191.866450081952,8410523.382242514
2025,SVK,13134.092537162418,8546217.343039082
2026,SVK,13076.318624242886,8681911.303835649
2027,SVK,13018.544711323351,8817605.264632218
2028,SVK,12960.770798403817,8953299.225428784
2029,SVK,12902.996885484285,9088993.186225351
2030,SVK,12845.22297256475,9224687.14702192
2021,SVN,4643.3911298408275,2722176.904255232
2022,SVN,4838.682333088962,2804430.539902086
2023,SVN,5033.973536337096,2886684.1755489404
2024,SVN,5229.264739585231,2968937.8111957945
2025,SVN,5424.555942833365,3051191.4468426486
2026,SVN,5619.8471460815,3133445.0824895026
2027,SVN,5815.138349329634,3215698.7181363567
2028,SVN,6010.429552577769,3297952.3537832107
2029,SVN,6205.720755825903,3380205.9894300653
2030,SVN,6401.011959074038,3462459.6250769193
2021,SWE,349258.97284251056,95782774.34879166
2022,SWE,361490.57717087277,99478283.81731921
2023,SWE,373722.18149923504,103173793.28584675
2024,SWE,385953.7858275973,106869302.75437431
2025,SWE,398185.3901559595,110564812.22290185
2026,SWE,410416.9944843218,114260321.6914294
2027,SWE,422648.59881268407,117955831.15995695
2028,SWE,434880.2031410463,121651340.62848449
2029,SWE,447111.80746940855,125346850.09701204
2030,SWE,459343.41179777076,129042359.56553958
2021,SWZ,2893.278329914328,1473275.893472904
2022,SWZ,2604.1011897711746,1357038.1499933822
2023,SWZ,2314.9240496280213,1240800.4065138604
2024,SWZ,2025.746909484868,1124562.6630343385
2025,SWZ,1736.5697693417146,1008324.9195548168
2026,SWZ,1447.3926291985613,892087.176075295
2027,SWZ,1158.215489055408,775849.4325957731
2028,SWZ,869.0383489122546,659611.6891162513
2029,SWZ,579.8612087691013,543373.9456367295
2030,SWZ,290.68406862594793,427136.20215720776
2021,SXM,2.0031822727496653,667.261707886554
2022,SXM,2.007272716254735,686.5626960638715
2023,SXM,2.011363159759805,705.8636842411889
2024,SXM,2.0154536032648753,725.1646724185065
2025,SXM,2.019544046769945,744.465660595824
2026,SXM,2.023634490275015,763.7666487731416
2027,SXM,2.0277249337800853,783.0676369504591
2028,SXM,2.031815377285155,802.3686251277766
2029,SXM,2.035905820790225,821.6696133050941
2030,SXM,2.0399962642952953,840.9706014824117
2021,SYC,1.463585873184345,1027.7296094883043
2022,SYC,1.6280814654521556,1199.6340982861193
2023,SYC,1.7925770577199662,1371.538587083934
2024,SYC,1.9570726499877766,1543.4430758817489
2025,SYC,2.121568242255587,1715.3475646795637
2026,SYC,2.2860638345233975,1887.2520534773787
2027,SYC,2.4505594267912083,2059.1565422751937
2028,SYC,2.6150550190590187,2231.061031073008
2029,SYC,2.779550611326829,2402.9655198708233
2030,SYC,2.94404620359464,2574.8700086686376
2021,SYR,2361.0161484228315,545863.2552446704
2022,SYR,2472.2233779638136,569643.5510171317
2023,SYR,2583.430607504796,593423.8467895929
2024,SYR,2694.6378370457787,617204.142562054
2025,SYR,2805.8450665867613,640984.4383345152
2026,SYR,2917.052296127744,664764.7341069764
2027,SYR,3028.259525668726,688545.0298794375
2028,SYR,3139.4667552097085,712325.3256518987
2029,SYR,3250.673984750691,736105.62142436
2030,SYR,3361.881214291673,759885.9171968212
2021,TCA,32.46846549872711,10530.076346051712
2022,TCA,33.74749713933463,11245.949297400057
2023,TCA,35.02652877994213,11961.822248748402
2024,TCA,36.30556042054964,12677.695200096747
2025,TCA,37.58459206115715,13393.568151445092
2026,TCA,38.86362370176466,14109.441102793438
2027,TCA,40.142655342372166,14825.314054141783
2028,TCA,41.42168698297968,15541.187005490128
2029,TCA,42.70071862358719,16257.059956838473
2030,TCA,43.9797502641947,16972.93290818682
2021,TCD,4869.528547315856,1289772.9786789666
2022,TCD,5059.339080512618,1304819.2750001838
2023,TCD,5249.149613709381,1319865.5713214013
2024,TCD,5438.960146906144,1334911.8676426185
2025,TCD,5628.770680102907,1349958.1639638357
2026,TCD,5818.58121329967,1365004.460285053
2027,TCD,6008.3917464964325,1380050.75660627
2028,TCD,6198.202279693195,1395097.0529274875
2029,TCD,6388.012812889958,1410143.3492487047
2030,TCD,6577.82334608672,1425189.645569922
2021,TGO,5805.912494489742,3197486.84679891
2022,TGO,5977.083913402392,3224697.806387976
2023,TGO,6148.2553323150405,3251908.7659770413
2024,TGO,6319.426751227689,3279119.7255661073
2025,TGO,6490.598170140339,3306330.6851551733
2026,TGO,6661.769589052988,3333541.6447442393
2027,TGO,6832.941007965637,3360752.6043333053
2028,TGO,7004.112426878286,3387963.563922371
2029,TGO,7175.283845790935,3415174.523511437
2030,TGO,7346.455264703583,3442385.4831005028
2021,THA,154604.3238280206,92065586.87305199
2022,THA,156798.72113638415,94609709.92611124
2023,THA,158993.1184447477,97153832.97917047
2024,THA,161187.51575311128,99697956.03222972
2025,THA,163381.91306147483,102242079.08528896
2026,THA,165576.31036983838,104786202.1383482
2027,THA,167770.70767820193,107330325.19140744
2028,THA,169965.10498656548,109874448.24446669
2029,THA,172159.50229492903,112418571.29752593
2030,THA,174353.89960329258,114962694.35058516
2021,TJK,-6.613414981541519,-221.3377391089473
2022,TJK,-9.293242707212508,-804.7374268714567
2023,TJK,-11.973070432883496,-1388.1371146339661
2024,TJK,-14.652898158554486,-1971.5368023964757
2025,TJK,-17.332725884225475,-2554.936490158985
2026,TJK,-20.012553609896464,-3138.3361779214943
2027,TJK,-22.692381335567454,-3721.735865684004
2028,TJK,-25.372209061238443,-4305.135553446513
2029,TJK,-28.052036786909433,-4888.535241209022
2030,TJK,-30.731864512580422,-5471.934928971532
2021,TKM,-14.634497029933822,-5452.471967117487
2022,TKM,-19.81628307503054,-6911.45317481609
2023,TKM,-24.99806912012726,-8370.434382514692
2024,TKM,-30.179855165223977,-9829.415590213295
2025,TKM,-35.3616412103207,-11288.396797911897
2026,TKM,-40.54342725541741,-12747.378005610499
2027,TKM,-45.725213300514135,-14206.359213309102
2028,TKM,-50.90699934561085,-15665.340421007704
2029,TKM,-56.088785390707564,-17124.321628706304
2030,TKM,-61.270571435804285,-18583.30283640491
2021,TLS,1475.8461517208052,725651.1609479189
2022,TLS,1477.0004181695328,714767.8227459147
2023,TLS,1478.1546846182605,703884.4845439105
2024,TLS,1479.3089510669884,693001.1463419062
2025,TLS,1480.463217515716,682117.808139902
2026,TLS,1481.6174839644436,671234.4699378978
2027,TLS,1482.7717504131713,660351.1317358935
2028,TLS,1483.926016861899,649467.7935338893
2029,TLS,1485.0802833106266,638584.4553318851
2030,TLS,1486.2345497593544,627701.1171298809
2021,TTO,694.3725682064902,412156.8059220324
2022,TTO,616.5021646135943,371680.7936566535
2023,TTO,538.6317610206984,331204.78139127453
2024,TTO,460.76135742780247,290728.7691258956
2025,TTO,382.89095383490655,250252.75686051667
2026,TTO,305.0205502420106,209776.74459513772
2027,TTO,227.15014664911473,169300.73232975882
2028,TTO,149.27974305621876,128824.72006437986
2029,TTO,71.4093394633228,88348.7077990009
2030,TTO,-6.46106412957306,47872.695533622
2021,TUN,2524.204355358461,587214.4569365907
2022,TUN,2624.942329162347,606352.8568572027
2023,TUN,2725.6803029662337,625491.2567778146
2024,TUN,2826.4182767701204,644629.6566984266
2025,TUN,2927.1562505740067,663768.0566190386
2026,TUN,3027.8942243778934,682906.4565396504
2027,TUN,3128.63219818178,702044.8564602624
2028,TUN,3229.3701719856663,721183.2563808744
2029,TUN,3330.1081457895525,740321.6563014864
2030,TUN,3430.846119593439,759460.0562220984
2021,TUR,46932.03795168514,13603080.084695248
2022,TUR,51172.6633674464,14795532.7469558
2023,TUR,55413.288783207674,15987985.409216356
2024,TUR,59653.91419896894,17180438.071476907
2025,TUR,63894.53961473021,18372890.73373746
2026,TUR,68135.16503049148,19565343.395998016
2027,TUR,72375.79044625275,20757796.05825857
2028,TUR,76616.41586201402,21950248.72051912
2029,TUR,80857.04127777528,23142701.382779673
2030,TUR,85097.66669353655,24335154.045040227
2021,TWN,1825.0142818453412,765224.743072985
2022,TWN,1821.0871426523158,752088.3938204568
2023,TWN,1817.1600034592905,738952.0445679285
2024,TWN,1813.232864266265,725815.6953154004
2025,TWN,1809.3057250732397,712679.3460628722
2026,TWN,1805.3785858802144,699542.996810344
2027,TWN,1801.451446687189,686406.6475578158
2028,TWN,1797.5243074941636,673270.2983052876
2029,TWN,1793.5971683011383,660133.9490527594
2030,TWN,1789.6700291081129,646997.5998002313
2021,TZA,184006.4124846586,70640651.27357784
2022,TZA,186382.39603232825,72837922.47709632
2023,TZA,188758.3795799979,75035193.6806148
2024,TZA,191134.36312766757,77232464.88413328
2025,TZA,193510.34667533723,79429736.08765176
2026,TZA,195886.3302230069,81627007.29117024
2027,TZA,198262.31377067656,83824278.49468872
2028,TZA,200638.29731834622,86021549.6982072
2029,TZA,203014.28086601588,88218820.90172568
2030,TZA,205390.26441368554,90416092.10524416
2021,UGA,86766.95255853714,39629643.49277279
2022,UGA,91146.65690979951,41684732.94671801
2023,UGA,95526.36126106189,43739822.40066323
2024,UGA,99906.06561232425,45794911.85460845
2025,UGA,104285.76996358662,47850001.308553666
2026,UGA,108665.47431484898,49905090.762498885
2027,UGA,113045.17866611134,51960180.216444105
2028,UGA,117424.88301737371,54015269.670389324
2029,UGA,121804.58736863607,56070359.124334544
2030,UGA,126184.29171989845,58125448.57827976
2021,UKR,84570.96188657449,34504306.15567336
2022,UKR,87297.56978813732,35770461.2707
2023,UKR,90024.17768970015,37036616.38572664
2024,UKR,92750.78559126299,38302771.500753276
2025,UKR,95477.39349282582,39568926.615779914
2026,UKR,98204.00139438866,40835081.73080655
2027,UKR,100930.6092959515,42101236.8458332
2028,UKR,103657.21719751431,43367391.960859835
2029,UKR,106383.82509907716,44633547.07588647
2030,UKR,109110.43300063998,45899702.19091311
2021,UMI,4.540484414669465,0.0
2022,UMI,1.967855706037403,0.0
2023,UMI,-0.6047730025946594,0.0
2024,UMI,-3.1774017112267217,0.0
2025,UMI,-5.750030419858785,0.0
2026,UMI,-8.322659128490846,0.0
2027,UMI,-10.895287837122908,0.0
2028,UMI,-13.46791654575497,0.0
2029,UMI,-16.040545254387034,0.0
2030,UMI,-18.613173963019097,0.0
2021,URY,12772.230843271205,38410456.59916433
2022,URY,10663.133627675064,39831027.734725505
2023,URY,8554.036412078924,41251598.87028667
2024,URY,6444.939196482781,42672170.00584785
2025,URY,4335.841980886638,44092741.14140902
2026,URY,2226.7447652904975,45513312.27697019
2027,URY,117.64754969435671,46933883.41253136
2028,URY,-1991.449665901786,48354454.54809253
2029,URY,-4100.546881497929,49775025.683653705
2030,URY,-6209.644097094071,51195596.81921488
2021,USA,2143238.603703501,984071506.7774402
2022,USA,2148166.8780344175,999088917.8140863
2023,USA,2153095.1523653334,1014106328.8507323
2024,USA,2158023.4266962493,1029123739.8873785
2025,USA,2162951.7010271656,1044141150.9240245
2026,USA,2167879.9753580815,1059158561.9606705
2027,USA,2172808.2496889974,1074175972.9973166
2028,USA,2177736.5240199133,1089193384.0339627
2029,USA,2182664.7983508296,1104210795.0706086
2030,USA,2187593.0726817455,1119228206.1072547
2021,UZB,-14.776903643231238,-3809.4902531191847
2022,UZB,-31.699905035213266,-8151.385360850294
2023,UZB,-48.62290642719529,-12493.280468581403
2024,UZB,-65.54590781917732,-16835.175576312515
2025,UZB,-82.46890921115934,-21177.070684043625
2026,UZB,-99.39191060314137,-25518.96579177473
2027,UZB,-116.3149119951234,-29860.860899505842
2028,UZB,-133.23791338710544,-34202.75600723695
2029,UZB,-150.16091477908748,-38544.65111496806
2030,UZB,-167.0839161710695,-42886.54622269917
2021,VCT,9.895014178056462,5897.434990875454
2022,VCT,9.995281108499375,5856.345917546494
2023,VCT,10.095548038942288,5815.256844217535
2024,VCT,10.195814969385202,5774.167770888576
2025,VCT,10.296081899828115,5733.078697559617
2026,VCT,10.396348830271029,5691.989624230658
2027,VCT,10.496615760713942,5650.900550901699
2028,VCT,10.596882691156855,5609.811477572739
2029,VCT,10.697149621599769,5568.72240424378
2030,VCT,10.797416552042682,5527.633330914821
2021,VEN,141081.95473576212,65914488.49832008
2022,VEN,143434.68417329257,67440169.0211063
2023,VEN,145787.41361082305,68965849.54389252
2024,VEN,148140.1430483535,70491530.06667875
2025,VEN,150492.87248588397,72017210.58946496
2026,VEN,152845.60192341442,73542891.11225119
2027,VEN,155198.3313609449,75068571.6350374
2028,VEN,157551.06079847534,76594252.15782364
2029,VEN,159903.79023600582,78119932.68060985
2030,VEN,162256.51967353627,79645613.20339608
2021,VGB,38.584540331179944,3953.106438438635
2022,VGB,40.86418590581964,4088.7524215150097
2023,VGB,43.14383148045934,4224.398404591384
2024,VGB,45.42347705509904,4360.044387667758
2025,VGB,47.70312262973874,4495.690370744133
2026,VGB,49.98276820437844,4631.336353820508
2027,VGB,52.26241377901814,4766.982336896882
2028,VGB,54.542059353657834,4902.628319973256
2029,VGB,56.821704928297535,5038.274303049631
2030,VGB,59.10135050293724,5173.9202861260055
2021,VIR,147.8872810170123,8965.15977171019
2022,VIR,152.00147110860814,8213.892319482615
2023,VIR,156.11566120020396,7462.624867255039
2024,VIR,160.2298512917998,6711.3574150274635
2025,VIR,164.34404138339562,5960.089962799888
2026,VIR,168.45823147499146,5208.822510572313
2027,VIR,172.57242156658728,4457.5550583447375
2028,VIR,176.68661165818312,3706.287606117162
2029,VIR,180.80080174977894,2955.0201538895863
2030,VIR,184.91499184137479,2203.7527016620106
2021,VNM,285001.2467625787,176272877.52758205
2022,VNM,297607.5076186622,184673381.30477315
2023,VNM,310213.7684747457,193073885.08196425
2024,VNM,322820.0293308292,201474388.85915536
2025,VNM,335426.29018691275,209874892.63634646
2026,VNM,348032.55104299623,218275396.41353756
2027,VNM,360638.8118990797,226675900.19072866
2028,VNM,373245.07275516324,235076403.96791977
2029,VNM,385851.3336112468,243476907.74511087
2030,VNM,398457.59446733026,251877411.52230197
2021,VUT,1808.0385552846767,966210.8731318825
2022,VUT,1903.9637100799655,1025828.9282125733
2023,VUT,1999.8888648752545,1085446.983293264
2024,VUT,2095.814019670543,1145065.0383739546
2025,VUT,2191.739174465832,1204683.0934546455
2026,VUT,2287.6643292611207,1264301.1485353361
2027,VUT,2383.5894840564097,1323919.2036160268
2028,VUT,2479.5146388516987,1383537.2586967177
2029,VUT,2575.4397936469873,1443155.3137774086
2030,VUT,2671.364948442276,1502773.3688580992
2021,XAD,2.454907119119631,819.9777895992459
2022,XAD,2.509082167564481,846.079031901782
2023,XAD,2.563257216009332,872.1802742043179
2024,XAD,2.617432264454182,898.2815165068539
2025,XAD,2.6716073128990327,924.38275880939
2026,XAD,2.7257823613438834,950.484001111926
2027,XAD,2.7799574097887336,976.585243414462
2028,XAD,2.8341324582335843,1002.6864857169979
2029,XAD,2.8883075066784345,1028.787728019534
2030,XAD,2.942482555123285,1054.88897032207
2021,XCA,32.28938689329778,699.6726531036596
2022,XCA,33.04303997803843,694.2242881948116
2023,XCA,33.79669306277907,688.7759232859637
2024,XCA,34.55034614751971,683.3275583771158
2025,XCA,35.30399923226036,677.8791934682678
2026,XCA,36.057652317001,672.4308285594199
2027,XCA,36.81130540174165,666.9824636505718
2028,XCA,37.56495848648229,661.5340987417239
2029,XCA,38.31861157122293,656.085733832876
2030,XCA,39.07226465596358,650.637368924028
2021,XKO,910.2892521834548,474660.80737996387
2022,XKO,929.37099351862,487661.86846334854
2023,XKO,948.4527348537852,500662.92954673315
2024,XKO,967.5344761889504,513663.9906301178
2025,XKO,986.6162175241155,526665.0517135025
2026,XKO,1005.6979588592808,539666.1127968872
2027,XKO,1024.779700194446,552667.1738802718
2028,XKO,1043.861441529611,565668.2349636565
2029,XKO,1062.9431828647764,578669.2960470412
2030,XKO,1082.0249241999416,591670.3571304257
2021,XNC,18.787999177883993,5666.7030480495
2022,XNC,19.21071603197048,5818.527040261018
2023,XNC,19.633432886056973,5970.351032472536
2024,XNC,20.05614974014346,6122.175024684055
2025,XNC,20.478866594229952,6273.999016895573
2026,XNC,20.90158344831644,6425.823009107091
2027,XNC,21.324300302402932,6577.647001318609
2028,XNC,21.74701715648942,6729.470993530127
2029,XNC,22.16973401057591,6881.294985741645
2030,XNC,22.5924508646624,7033.118977953163
2021,ZAF,63028.774062369615,51788141.472313724
2022,ZAF,62192.619414647146,52537393.093361914
2023,ZAF,61356.46476692468,53286644.71441011
2024,ZAF,60520.310119202215,54035896.3354583
2025,ZAF,59684.15547147975,54785147.9565065
2026,ZAF,58848.000823757284,55534399.57755469
2027,ZAF,58011.846176034815,56283651.198602885
2028,ZAF,57175.69152831235,57032902.81965108
2029,ZAF,56339.53688058989,57782154.44069927
2030,ZAF,55503.38223286742,58531406.06174747
2021,ZMB,161151.02872842975,59765477.94882565
2022,ZMB,166630.4118996928,61782921.396997645
2023,ZMB,172109.79507095585,63800364.84516963
2024,ZMB,177589.17824221888,65817808.29334163
2025,ZMB,183068.56141348195,67835251.74151361
2026,ZMB,188547.94458474498,69852695.18968561
2027,ZMB,194027.32775600805,71870138.6378576
2028,ZMB,199506.7109272711,73887582.08602959
2029,ZMB,204986.09409853414,75905025.53420158
2030,ZMB,210465.47726979718,77922468.98237357
2021,ZWE,15648.675509752513,5050948.3100403
2022,ZWE,16023.598931542936,5157205.7431014115
2023,ZWE,16398.52235333336,5263463.176162522
2024,ZWE,16773.445775123782,5369720.609223633
2025,ZWE,17148.369196914206,5475978.042284744
2026,ZWE,17523.292618704632,5582235.475345856
2027,ZWE,17898.216040495055,5688492.908406966
2028,ZWE,18273.13946228548,5794750.341468077
2029,ZWE,18648.062884075902,5901007.774529189
2030,ZWE,19022.986305866325,6007265.2075903
