CountryCode,Year,TreeCoverLoss_ha,GrossEmissions_Co2_all_gases_Mg,TreeCoverLoss_ha_std,GrossEmissions_Co2_all_gases_Mg_std
ABW,2020,0.22859367355704308,59.87092331505846,0.3172609014389619,6.228743944322562
ABW,2021,0.22863559797406197,60.26731223112438,0.31742595379401367,7.84018693133271
ABW,2022,0.22867733985185623,60.393335166736506,0.3175946914919672,9.724190039776973
ABW,2023,0.22871888428926468,60.269648992456496,0.3177671020675782,11.786581494410898
ABW,2024,0.2287602238357067,59.91927088238299,0.3179431736873675,13.966633329799588
ABW,2025,0.22880131006240845,59.366977494442835,0.3181228936854952,16.221514321390806
ABW,2026,0.2288421466946602,58.63868372433353,0.3183062463731145,18.518187507027218
ABW,2027,0.22888270020484924,57.76082529639825,0.3184932167038839,20.829481783813073
ABW,2028,0.22892295569181442,56.75976722384803,0.3186837902738301,23.132201731063127
ABW,2029,0.22896289452910423,55.66125716618262,0.31887794455922425,25.406221512684535
ABW,2030,0.22900249436497688,54.48993914248422,0.31907566645624835,27.634057868724955
AGO,2020,8922.153589075431,4914886.20191288,4.464908881496681,4.464944921454476
AGO,2021,8519.248436871916,4731124.603341103,39.27924466581329,39.461600870507525
AGO,2022,7858.167850214988,4363113.510518074,42.17229287238007,42.45189589256407
AGO,2023,7390.749283025041,4115053.580107689,44.825449983707706,45.114494286251485
AGO,2024,7110.676098024473,3977282.616566658,46.786889821259784,46.99610715748105
AGO,2025,6970.5861611720175,3916213.0671577454,48.014641472410595,48.11216937232177
AGO,2026,6915.219968417659,3897141.357645035,48.7009976084341,48.70435751670901
AGO,2027,6901.8088832926005,3896059.362074852,49.067570471150894,49.00959086692939
AGO,2028,6905.125848041847,3900623.2074632645,49.271160874006206,49.178909231904704
AGO,2029,6913.4806146249175,3906126.0496501923,49.40005669143297,49.29061073498642
AGO,2030,6922.705737078562,3911392.2435979843,49.49841278801761,49.38119919585908
ARG,2020,20831.643634390086,8238078.985830307,4.467750778974599,4.466874564066101
ARG,2021,21460.969042811543,7823818.396623611,45.75439212513691,46.052143843773464
ARG,2022,21503.967385929078,7778154.678390503,46.13662930509711,46.34858357871828
ARG,2023,21506.403359185904,7776034.205482483,46.155424803226396,46.39829432555843
ARG,2024,21506.838218074292,7774002.868747711,46.157756407582085,46.45163741807961
ARG,2025,21507.175567742437,7771971.5348854065,46.159106292445735,46.508945355740956
ARG,2026,21507.508213363588,7769940.201015472,46.16040069843191,46.5702035127645
ARG,2027,21507.840633958578,7767908.867155075,46.1616926690406,46.635396322552076
ARG,2028,21508.17304381728,7765877.533294678,46.162985082396816,46.70450730856942
ARG,2029,21508.505453210324,7763846.199428558,46.16427808890161,46.77751910417695
ARG,2030,21508.837862558663,7761814.865562439,46.16557169619629,46.854413473812556
AUS,2020,0.5332465169485658,299.5899024531245,0.2050644642957593,4.502120935866518
AUS,2021,2.5678117220522836,1523.7895923024043,5.614429743296166,46.29409004629778
AUS,2022,3.4113751528784633,1529.0320005845279,6.142181593410369,46.33936766003899
AUS,2023,3.5862214990193024,1534.2744045211002,6.188082168957702,46.38862881547641
AUS,2024,3.6322382491780445,1539.516808458604,6.197121908814425,46.441860846540074
AUS,2025,3.6445240221219137,1544.759212388657,6.199328485874541,46.49905011567762
AUS,2026,3.6485315788304433,1550.0016163252294,6.200036209786563,46.56018204097836
AUS,2027,3.6506187254562974,1555.2440202599391,6.200406389861384,46.62524111446659
AUS,2028,3.652276408742182,1560.4864241965115,6.200701703622579,46.694210921011184
AUS,2029,3.6538404936436564,1565.7288281349465,6.200980822068095,46.76707415853857
AUS,2030,3.6553845644230023,1570.971232068725,6.201256575231239,46.843812658943285
BDI,2020,26.69141167541966,14374.185449425131,3.5833137460355093,4.466898212171561
BDI,2021,19.23722328300937,9306.185815745965,14.237201684463008,46.171508389183764
BDI,2022,19.406054228224093,9318.474032957107,14.300288084176307,46.21664512818172
BDI,2023,19.571472271287348,9330.7622501757,14.368894960100189,46.26576109388148
BDI,2024,19.733164344128454,9343.050467375666,14.442954898245977,46.31884362766676
BDI,2025,19.890830880234716,9355.338684592396,14.522390047584224,46.37587910895778
BDI,2026,20.044185286358697,9367.626901822165,14.607111812762293,46.436852972322605
BDI,2027,20.19295477733249,9379.915119025856,14.697020406578345,46.5017497255086
BDI,2028,20.336881150695262,9392.2033362519,14.79200449626524,46.57055296872401
BDI,2029,20.475721496273763,9404.491553464904,14.891940954070012,46.643245414643964
BDI,2030,20.609248837688938,9416.779770668596,14.996694722058203,46.71980890932714
BEN,2020,2.1514010769315064,439.84740701224655,3.2018884295565964,4.466954054712854
BEN,2021,2.138771095778793,471.99085481697693,3.3847352321353124,46.38368077638658
BEN,2022,2.005061036441475,474.36850615404546,3.4260195449559587,46.42311837791762
BEN,2023,1.883338093291968,476.746157492511,3.4680353207857726,46.466613358542936
BEN,2024,1.7814435381442308,479.1238088295795,3.5078603596810165,46.514154336234405
BEN,2025,1.7024539220146835,481.5014601685107,3.5432325488254675,46.56572891876059
BEN,2026,1.6456370055675507,483.8791115055792,3.5728562506431896,46.62132371969401
BEN,2027,1.6078072804957628,486.2567628445104,3.596396837044947,46.680924375369706
BEN,2028,1.5846736314706504,488.63441418344155,3.614256740034965,46.74451556297653
BEN,2029,1.5719026159495115,491.01206552097574,3.6272697075612124,46.81208101992763
BEN,2030,1.565782110672444,493.3897168589756,3.636424668703212,46.883603563877166
BES,2020,7.055140182375908,2963.0202185520902,0.660656323436933,4.467834764591243
BES,2021,1.9289584420621395,2686.7619575257413,2.973188018339833,22.949204076599948
BES,2022,1.9263504687696695,2156.1613344096113,2.9733018539048497,36.1385467243316
BES,2023,1.9237427543848753,1646.5267277383246,2.973415730371505,43.46359337194985
BES,2024,1.9211350418627262,1256.4282635140698,2.9735296591670615,47.23494616713493
BES,2025,1.9185273293405771,1003.5885088148061,2.9736436401289073,49.06012204590638
BES,2026,1.915919616818428,862.6833348528016,2.9737576734076345,49.91733089635477
BES,2027,1.913311904296279,794.4674333857838,2.973871758918933,50.32559763531584
BES,2028,1.9107041908428073,765.4676904163789,2.9739858965785024,50.53648699601104
BES,2029,1.9080964773893356,754.6424376699142,2.974100086536911,50.66630508682724
BES,2030,1.9054887648671865,751.3559298352338,2.9742143286315685,50.765999736559294
BGD,2020,459.3186416842509,267524.79890692234,4.453374726159329,4.466898212171561
BGD,2021,370.1278293643845,215308.82826280594,45.95027372104425,46.171508389183764
BGD,2022,370.0834767941851,215164.27417063713,45.95136618479882,46.21664512818172
BGD,2023,370.03912422340363,215019.72007858753,45.95245916362655,46.26576109388148
BGD,2024,369.9947716530878,214875.16598653793,45.9535526575008,46.31884362766676
BGD,2025,369.95041908253916,214730.61189436913,45.954646666364546,46.37587910895778
BGD,2026,369.9060665117577,214586.05780255795,45.95574119019621,46.436852972322605
BGD,2027,369.86171394132543,214441.50371050835,45.95683622896405,46.5017497255086
BGD,2028,369.8173613708932,214296.94961822033,45.95793178260595,46.57055296872401
BGD,2029,369.7730088001117,214152.39552628994,45.959027851120524,46.643245414643964
BGD,2030,369.72865622956306,214007.84143424034,45.960124434440566,46.71980890932714
BHS,2020,4.948845414444804,740.8547535538673,4.4669485536575575,4.466898212171561
BHS,2021,86.75988094275817,14989.983524799347,46.171508389183764,46.171508389183764
BHS,2022,87.54551480035298,15127.391998291016,46.21664512818172,46.21664512818172
BHS,2023,88.33114865748212,15264.800471782684,46.26576109388148,46.26576109388148
BHS,2024,89.11678251530975,15402.208945274353,46.31884362766676,46.31884362766676
BHS,2025,89.90241637337022,15539.617418885231,46.37587910895778,46.37587910895778
BHS,2026,90.68805023119785,15677.0258923769,46.436852972322605,46.436852972322605
BHS,2027,91.47368408786133,15814.434365868568,46.5017497255086,46.5017497255086
BHS,2028,92.25931794499047,15951.842839479446,46.57055296872401,46.57055296872401
BHS,2029,93.0449518035166,16089.251313090324,46.643245414643964,46.643245414643964
BHS,2030,93.83058566087857,16226.659786581993,46.71980890932714,46.71980890932714
BLZ,2020,15904.164300962351,7959350.195197105,4.466672632328898,4.466898212171561
BLZ,2021,8078.966393329669,3147003.03001976,45.24073109979688,46.171508389183764
BLZ,2022,6728.207530871034,3158912.002882004,46.268607757515944,46.21664512818172
BLZ,2023,6470.988338563126,3170820.9757328033,46.36854831047728,46.26576109388148
BLZ,2024,6427.603825620376,3182729.94859457,46.382460867846966,46.31884362766676
BLZ,2025,6417.504497498274,3194638.9214544296,46.38563431800328,46.37587910895778
BLZ,2026,6412.084782424383,3206547.894305229,46.38736076047724,46.436852972322605
BLZ,2027,6407.2859352272935,3218456.8671631813,46.388897509810334,46.5017497255086
BLZ,2028,6402.566431913525,3230365.840016365,46.390410698618425,46.57055296872401
BLZ,2029,6397.856805771589,3242274.8128738403,46.39192156848444,46.643245414643964
BLZ,2030,6393.148385576904,3254183.7857341766,46.39343276612987,46.71980890932714
BOL,2020,276405.27404105663,128415861.74661255,4.4704729083837424,4.466668359803373
BOL,2021,184826.58975577354,89423849.99707031,44.89519594679463,45.193085468398515
BOL,2022,164293.39255154133,81806411.2920227,46.53471825633788,46.53600651751488
BOL,2023,159149.09259963036,80305972.50161743,46.82040871625887,46.74190264628316
BOL,2024,158290.64668297768,80180415.09332275,46.91574378934548,46.81911314647183
BOL,2025,158403.82925271988,80307511.14816284,46.9816076578225,46.88066296911178
BOL,2026,158717.28702831268,80476877.28173828,47.04497890703147,46.94300538228755
BOL,2027,159069.81293463707,80652940.17196655,47.111047191837095,47.00879191224012
BOL,2028,159429.69055187702,80830026.82775879,47.1808104343539,47.078432181297345
BOL,2029,159790.9169409275,81007266.09967041,47.254444318143406,47.15197481087576
BOL,2030,160152.38616108894,81184527.7003479,47.3319664477091,47.229411491307516
BRA,2020,1702227.3963375092,1063999155.2871094,4.466746948807175,4.466865621587351
BRA,2021,1399896.6202936172,881525915.6289062,45.41738807336835,45.46211831761883
BRA,2022,1349217.7357521057,851886337.6435547,46.51909897384638,46.51361703926513
BRA,2023,1340375.86353302,847144024.8295898,46.674566410051895,46.65995238813685
BRA,2024,1339645.6553506851,846961173.7514648,46.741884946152766,46.7256326324084
BRA,2025,1340162.2769861221,847444642.1826172,46.80141754011768,46.78486192525986
BRA,2026,1340851.7926397324,848016124.0854492,46.86332543678979,46.846705754514524
BRA,2027,1341563.9217367172,848598580.328125,46.928972394230975,46.91232757179329
BRA,2028,1342278.8990068436,849182354.8325195,46.99852338315182,46.98185902949004
BRA,2029,1342994.2256650925,849766283.6040039,47.07198406501258,47.05530069651666
BRA,2030,1343709.5943555832,850350230.0791016,47.14933900992486,47.132636410606594
BRN,2020,544.5989704942913,403763.4220209718,4.467029908539569,4.470815526437557
BRN,2021,736.7784797732602,595122.3663185239,46.171508389183764,46.171508389143426
BRN,2022,737.7276868550107,595784.1819770336,46.21664512818172,46.21664512822202
BRN,2023,738.676893936412,596445.997631371,46.26576109388148,46.26576109392174
BRN,2024,739.626101018046,597107.8132859468,46.31884362766676,46.31884362770697
BRN,2025,740.5753080994473,597769.6289402246,46.37587910895778,46.37587910902807
BRN,2026,741.5245151813724,598431.4445946217,46.436852972322605,46.436852972382766
BRN,2027,742.4737222632393,599093.2602488995,46.5017497255086,46.501749725558675
BRN,2028,743.4229293443495,599755.0759034157,46.57055296872401,46.57055296877401
BRN,2029,744.372136425809,600416.8915575743,46.643245414643964,46.643245414683896
BRN,2030,745.3213435078505,601078.7072124481,46.71980890932714,46.71980890938694
BTN,2020,472.29743690555915,294395.47033166885,4.466650527275538,4.467229063711981
BTN,2021,390.41062112292275,249411.21062898636,45.05345055213532,45.24008830352454
BTN,2022,375.328286788892,237625.51948046684,46.53871884641573,46.59823836662044
BTN,2023,372.02516371198,237378.7426776886,46.78026027674082,46.681712469686715
BTN,2024,372.00058148801327,237884.70030355453,46.86522863139224,46.73570289540937
BTN,2025,372.6721930413041,238396.91842150688,46.9285428479778,46.79341281978224
BTN,2026,373.4757880982943,238909.1440050602,46.991289821841875,46.855085539433404
BTN,2027,374.30288183502853,239421.3695898056,47.05718945659876,46.920705737440095
BTN,2028,375.133995530894,239933.5951743126,47.12688488441316,46.99025687633145
BTN,2029,375.9657781627029,240445.82075929642,47.200472005356275,47.0637215285448
BTN,2030,376.7976698731072,240958.04634404182,47.27795152323559,47.1410813976976
CAF,2020,14713.990275464952,9586325.625225067,4.467784437259828,4.466834774010844
CAF,2021,9857.16225175187,6384691.714241028,45.49776059314656,45.516813245408066
CAF,2022,9090.345719140023,5886268.402748108,46.508813534146974,46.505994598800385
CAF,2023,8979.100897833705,5815575.729827881,46.64814979001796,46.641647630312036
CAF,2024,8982.634979415685,5818134.69883728,46.712612915724804,46.705482738310224
CAF,2025,9002.26754643023,5830745.308113098,46.771623993286994,46.76438345867803
CAF,2026,9023.943231217563,5844604.073028564,46.833421702331584,46.82615760828861
CAF,2027,9045.863806907088,5858609.218330383,46.89902417421492,46.89174960325738
CAF,2028,9067.812667462975,5872630.906265259,46.96853991694169,46.96125656156818
CAF,2029,9089.764711044729,5886654.415740967,47.04196611395064,47.03467405114969
CAF,2030,9111.71710600704,5900678.121967316,47.11928613698559,47.11198522828392
CHN,2020,1146.0754996470641,599613.1381210089,4.4598673231616965,4.468573181719815
CHN,2021,2152.6563422991894,1210284.644785285,39.76492705615018,39.93011009441531
CHN,2022,2526.3312726363074,1430632.043279171,42.87774012084176,43.15216818332266
CHN,2023,2887.3866364250425,1642089.4068416357,45.440149887651074,45.779526650784156
CHN,2024,3164.486559602199,1801887.4717156887,47.04123719031853,47.40784566937463
CHN,2025,3340.5416066260077,1901035.4119890928,47.8485901253416,48.23906245820396
CHN,2026,3434.975768447155,1952517.9295662642,48.19804287694284,48.62631641909872
CHN,2027,3478.368196080206,1975184.9718459845,48.33524158372993,48.81502198783319
CHN,2028,3495.8434614224825,1983810.6076307297,48.38589653984227,48.926801420167116
CHN,2029,3502.3985002570553,1986801.645468831,48.40432090201765,49.01317617548975
CHN,2030,3505.0904898826266,1987909.0324727297,48.4119240860793,49.09396757382912
CIV,2020,12982.651580139995,6204135.834602356,4.466868032319009,0.1288103429604684
CIV,2021,17872.521376803517,8054860.7714653015,46.0178621503118,45.669007682400824
CIV,2022,18233.13812753558,8202384.28503418,46.368624029436816,46.01149375400985
CIV,2023,18249.63112139702,8204031.235733032,46.418638505913485,46.01364124748755
CIV,2024,18265.057463862002,8205019.902038574,46.47201632315381,46.01490121836482
CIV,2025,18280.483736246824,8206008.486728668,46.52936039835098,46.01616166751888
CIV,2026,18295.910008639097,8206997.071411133,46.59065612718943,46.017422704739595
CIV,2027,18311.33628100902,8207985.656108856,46.655887934801505,46.01868432993814
CIV,2028,18326.76255338639,8208974.2407951355,46.72503933601893,46.01994654309651
CIV,2029,18342.188825771213,8209962.8254776,46.798092955382664,46.02120934415621
CIV,2030,18357.615098163486,8210951.410160065,46.87503054840364,46.02247273308404
CMR,2020,99977.6787211299,68185670.15786743,4.464238346870356,4.464979487998229
CMR,2021,66648.79196608067,44062635.78225708,37.62014434169719,37.536199858148784
CMR,2022,64095.1524002254,42627872.49084473,39.557130851868926,39.42487048576411
CMR,2023,60932.36583644152,40714156.481903076,41.66825268541084,41.49379713135582
CMR,2024,57481.57448464632,38525936.72328186,43.73508887322264,43.53781036514732
CMR,2025,54034.151712179184,36259969.572006226,45.583975882061345,45.38875466251616
CMR,2026,50825.12758266926,34085018.751449585,47.117253053026104,46.946274154891555
CMR,2027,48017.30996233225,32127637.408935547,48.31178139843666,48.17938462885601
CMR,2028,45697.54774975777,30465813.828094482,49.197890697629326,49.10940769355399
CMR,2029,43884.25124621391,29130599.818511963,49.83317376992587,49.78672680527859
CMR,2030,42543.06195932627,28114155.065170288,50.281001570570126,50.27049445747297
COD,2020,490127.685785532,347816016.984375,4.464540615099835,4.464346115263555
COD,2021,425471.0355051756,299587741.2943115,37.909229825102464,37.89218434809563
COD,2022,404650.79076588154,285159983.8153076,40.01373789756197,39.98690050358805
COD,2023,382072.4160453081,269212728.5050049,42.262743670703884,42.228267857449424
COD,2024,360100.18811810017,253466228.57629395,44.39001730499275,44.352887415343666
COD,2025,340464.2402807474,239218588.54675293,46.207681506471445,46.173441430148294
COD,2026,324160.98731970787,227255040.0432129,47.6355533743721,47.60834286199945
COD,2027,311509.21174776554,217870847.99743652,48.68424055773737,48.66596155708645
COD,2028,302309.81946086884,210974450.37756348,49.41746232009083,49.4080211515548
COD,2029,296046.59527361393,206227012.48388672,49.91581746484757,49.913908217360046
COD,2030,292073.9721405506,203178490.52929688,50.25330055235405,50.25718975788541
COG,2020,26291.929663702846,16956626.55066681,4.464529463410483,4.464556027492419
COG,2021,24345.394804582,15777076.184150696,38.345747672792825,38.41351331292689
COG,2022,22828.74351270497,14722090.249008179,40.70663565477869,40.81391772896904
COG,2023,21497.051828235388,13816473.002853394,43.13758162193826,43.26938689199096
COG,2024,20423.56338714063,13106090.901229858,45.297407070257954,45.4272896961063
COG,2025,19622.13069884479,12592493.51261139,46.99794533540675,47.10256919984836
COG,2026,19066.10660943389,12249180.771636963,48.213324849099415,48.28094905111156
COG,2027,18708.120937526226,12037527.008460999,49.02186017351392,49.0523507377573
COG,2028,18495.993274778128,11918575.475700378,49.53742662772551,49.5374555557906
COG,2029,18382.91804203391,11859673.961669922,49.86388837763729,49.841968069522856
COG,2030,18332.202400520444,11836762.05658722,50.07783191152709,50.0414527078387
COL,2020,166130.00970202684,107620907.44152832,4.466687961730069,4.465922814524833
COL,2021,118136.17312788963,75888566.34869385,42.11871449849542,42.108465973385805
COL,2022,105420.26653933525,67627216.44476318,45.28038967848921,45.27167327037829
COL,2023,97047.40337193012,62153706.903808594,46.801999099698484,46.79822323576255
COL,2024,92328.89503592253,59056225.43609619,47.48468523573954,47.48461687096274
COL,2025,89899.67653000355,57455653.74621582,47.81270428639991,47.81479408080773
COL,2026,88742.92905211449,56690371.83544922,47.99445918213474,47.99772579347667
COL,2027,88248.7811703682,56361438.872924805,48.11495615996998,48.118856765133394
COL,2028,88085.74030196667,56251178.823791504,48.209998280701626,48.21423849253303
COL,2029,88083.52732372284,56247418.03582764,48.29540618528571,48.299826087639175
COL,2030,88157.82879310846,56294453.790649414,48.378406556372525,48.38291969012951
COM,2020,35.86223992332816,20296.168835937977,0.10210902545988794,0.11704559476358764
COM,2021,21.47375650401227,13224.451998099685,19.353743253120044,42.54258970861661
COM,2022,18.914389367215335,12176.981796771288,26.170835566777015,46.49399583763837
COM,2023,19.509282920509577,12100.237715169787,27.35960684132545,46.63736539248395
COM,2024,19.722570724086836,12091.767591878772,27.518125413577252,46.64554374336149
COM,2025,19.743654157267883,12087.584222897887,27.548271242357966,46.64813422600963
COM,2026,19.74076853436418,12083.750701993704,27.55709785122087,46.650339669007515
COM,2027,19.734332703519613,12079.947240054607,27.560717855540098,46.652531020241305
COM,2028,19.726849374826998,12076.146295309067,27.56288642339401,46.65474064124006
COM,2029,19.71903373626992,12072.345556795597,27.564649063721305,46.656971286539466
COM,2030,19.711117954691872,12068.544834911823,27.566300190446494,46.65922318198166
CRI,2020,1279.6101550757885,774191.4991621971,4.468108594236378,4.468064852523275
CRI,2021,1381.5813227435574,789046.8510274887,46.013234487120755,45.96440028172574
CRI,2022,1394.2836074959487,793067.5168905258,46.3665978255915,46.389372840935046
CRI,2023,1400.136654989794,796077.5407428741,46.428331591665945,46.45645993967063
CRI,2024,1405.5700597651303,799009.7705340385,46.482307172340256,46.51089865470187
CRI,2025,1410.9830222157761,801937.3351902962,46.53969245071335,46.56835874097037
CRI,2026,1416.395085546188,804864.64868927,46.60100522920201,46.629721807884444
CRI,2027,1421.8071115622297,807791.9494624138,46.66625357378888,46.69502061380597
CRI,2028,1427.21913608443,810719.2496156693,46.73542198881522,46.7642411282705
CRI,2029,1432.6311605498195,813646.549738884,46.80849313623677,46.83736608445645
CRI,2030,1438.0431850133464,816573.8498620987,46.88544877034725,46.91437723070497
CUB,2020,315.2144138254225,104970.48658561707,4.466898212171561,4.466898212171561
CUB,2021,2236.709083661437,895287.0514431,46.171508389183764,46.171508389183764
CUB,2022,2252.6458952613175,902689.8941555023,46.21664512818172,46.21664512818172
CUB,2023,2268.582706861198,910092.73686409,46.26576109388148,46.26576109388148
CUB,2024,2284.5195184499025,917495.5795726776,46.31884362766676,46.31884362766676
CUB,2025,2300.4563300423324,924898.4222831726,46.37587910895778,46.37587910895778
CUB,2026,2316.3931416347623,932301.2649974823,46.436852972322605,46.436852972322605
CUB,2027,2332.329953223467,939704.1077079773,46.5017497255086,46.5017497255086
CUB,2028,2348.266764819622,947106.9504165649,46.57055296872401,46.57055296872401
CUB,2029,2364.203576415777,954509.7931270599,46.643245414643964,46.643245414643964
CUB,2030,2380.1403880156577,961912.6358356476,46.71980890932714,46.71980890932714
CYM,2020,0.4356649722903967,214.06652231421322,0.3049041737203484,4.464918045867572
CYM,2021,4.976729856804013,1166.9448961764574,7.368973319987667,39.46550522706965
CYM,2022,7.531856963876635,1576.3519044565037,11.470767214702565,46.8204416177248
CYM,2023,7.95704908343032,1655.2945911837742,13.049156962456378,47.45117889341635
CYM,2024,7.683424294926226,1670.6492228843272,13.484916377015697,47.554748043651124
CYM,2025,7.499608896207064,1677.957936857827,13.589273425474765,47.61973516406907
CYM,2026,7.444589089602232,1684.041777732782,13.617029600567102,47.682856655834016
CYM,2027,7.433638052549213,1689.9133537160233,13.62633559333858,47.74891349802449
CYM,2028,7.43292581057176,1695.7486942857504,13.63032804668871,47.8187198399113
CYM,2029,7.434847631957382,1701.5779972653836,13.632478530538101,47.89240218581524
CYM,2030,7.437691194470972,1707.4063126873225,13.633929541432234,47.96996678548113
DMA,2020,14.292532034218311,8326.154523849487,4.466915482133559,4.466915482133559
DMA,2021,937.7189760506153,549296.8323135376,46.24004750598703,46.24004750598703
DMA,2022,947.7668432816863,555182.3549556732,46.2862119304887,46.2862119304887
DMA,2023,957.8147105388343,561067.8776016235,46.33635616996712,46.33635616996712
DMA,2024,967.86257776618,566953.4002456665,46.39046731887645,46.39046731887645
DMA,2025,977.9104450121522,572838.9228858948,46.448531513216494,46.448531513216494
DMA,2026,987.9583122543991,578724.4455318451,46.51053394793071,46.51053394793071
DMA,2027,998.0061794929206,584609.9681758881,46.57645889532237,46.57645889532237
DMA,2028,1008.0540467351675,590495.4908218384,46.64628972436704,46.64628972436704
DMA,2029,1018.1019139811397,596381.0134658813,46.72000892111734,46.72000892111734
DMA,2030,1028.1497812122107,602266.5361099243,46.797598109794116,46.797598109794116
DOM,2020,1846.95793600264,793966.8377635479,4.466898212171561,4.466898212171561
DOM,2021,1195.4008395825513,503205.2423694134,46.171508389183764,46.171508389183764
DOM,2022,1196.0058907999191,503600.8032987118,46.21664512818172,46.21664512818172
DOM,2023,1196.6109420179855,503996.3642280102,46.26576109388148,46.26576109388148
DOM,2024,1197.2159932367504,504391.92515683174,46.31884362766676,46.31884362766676
DOM,2025,1197.821044452954,504787.48608624935,46.37587910895778,46.37587910895778
DOM,2026,1198.4260956710204,505183.04701542854,46.436852972322605,46.436852972322605
DOM,2027,1199.0311468911823,505578.60794460773,46.5017497255086,46.5017497255086
DOM,2028,1199.6361981062219,505974.16887283325,46.57055296872401,46.57055296872401
DOM,2029,1200.2412493256852,506369.7298030853,46.643245414643964,46.643245414643964
DOM,2030,1200.846300543286,506765.2907319069,46.71980890932714,46.71980890932714
ECU,2020,19698.62455330044,15407273.189371109,4.46651822546227,4.466309775129933
ECU,2021,13110.507838433608,10100206.27889061,43.73407205653363,43.504312567779934
ECU,2022,11461.657135877758,8764892.573745728,46.28473357839975,46.18879907771753
ECU,2023,10711.681537032127,8108594.885398865,47.00908836997381,47.01965299165343
ECU,2024,10439.195130880922,7848632.369981766,47.245902214720594,47.30095582651885
ECU,2025,10358.187370881438,7761223.404338837,47.35802763560607,47.430439077129726
ECU,2026,10345.545222055167,7740501.359218597,47.436794327351656,47.51604737120849
ECU,2027,10355.801856430247,7743927.943418503,47.507977726365866,47.58990155988509
ECU,2028,10373.42398034595,7755747.148235321,47.57947828486411,47.66242018551486
ECU,2029,10393.349870106205,7770401.665344238,47.6537663049714,47.737088379909196
ECU,2030,10413.9817058146,7785994.408092499,47.73160082538306,47.81506414843249
ETH,2020,4601.462346013635,2549696.4426851273,4.465515274576129,4.466845890755343
ETH,2021,3889.2994468696415,2300526.8558530807,45.63400110607006,45.94051155739619
ETH,2022,3844.5298667335883,2284552.3748865128,46.19085607973256,46.399224946157275
ETH,2023,3843.6639021746814,2288395.1435756683,46.195632943740776,46.46908879191661
ETH,2024,3843.2880742317066,2293629.554898262,46.19696272176001,46.52379066005342
ETH,2025,3842.9125631619245,2298948.2146320343,46.198290901595655,46.58128960593845
ETH,2026,3842.5370521098375,2304271.600640297,46.19961969926113,46.64267504497192
ETH,2027,3842.1615410512313,2309595.2397527695,46.20094911476865,46.70799578697817
ETH,2028,3841.7860299963504,2314918.8919963837,46.20227914807494,46.777238886502616
ETH,2029,3841.4105189414695,2320242.5449085236,46.2036097991166,46.850387140551014
ETH,2030,3841.035007881932,2325566.1978559494,46.204941067860396,46.927422297329095
FJI,2020,167.5066056777723,100331.41156482697,4.466898212171561,4.475610087161216
FJI,2021,333.77634384762496,190935.20093011856,46.171508389183764,46.133503171438655
FJI,2022,335.8955211872235,194940.6929960251,46.21664512818172,46.282749165921246
FJI,2023,338.014698528219,196182.68699789047,46.26576109388148,46.33380011921207
FJI,2024,340.13387586781755,197366.0679011345,46.31884362766676,46.387054438982545
FJI,2025,342.25305320788175,198548.45798254013,46.37587910895778,46.44423817819986
FJI,2026,344.37223054934293,199730.83293294907,46.436852972322605,46.50536645287454
FJI,2027,346.49140788801014,200913.20766448975,46.5017497255086,46.570424188851284
FJI,2028,348.61058522854,202095.5823931694,46.57055296872401,46.63939494909355
FJI,2029,350.72976256906986,203277.9571208954,46.643245414643964,46.7122614009166
FJI,2030,352.8489399095997,204460.3318490982,46.71980890932714,46.789005343579355
GAB,2020,10641.66338878125,6813112.947315216,4.466389085138809,4.468536239293158
GAB,2021,12206.102180555463,7823565.610275269,44.05360521481339,43.856613604838465
GAB,2022,12581.023137100041,8061371.7943229675,46.39241635985504,46.32961669058435
GAB,2023,12757.580007433891,8182890.396270752,46.97776656665199,46.99910137828054
GAB,2024,12833.508613958955,8237631.428638458,47.16250049076834,47.2145342114282
GAB,2025,12872.725851379335,8265746.870254517,47.255769789195575,47.31871041761387
GAB,2026,12900.156900197268,8284591.815917969,47.32762425955676,47.39448673993428
GAB,2027,12924.054441854358,8300431.4664878845,47.396311580763324,47.46456073618807
GAB,2028,12946.936992190778,8315338.996562958,47.46692889928851,47.535659173679484
GAB,2029,12969.536401383579,8329965.988899231,47.54090332485832,47.60980264871981
GAB,2030,12992.058491043746,8344510.3698654175,47.61861937021171,47.68758351775202
GHA,2020,14225.712094955146,6373245.608161926,4.464705056233204,4.469867572389571
GHA,2021,9190.090434849262,4080345.0752830505,38.65819183533116,38.6219827163332
GHA,2022,8631.835865914822,3845476.2547683716,41.20141052962247,41.14425031824258
GHA,2023,8002.028808690608,3573617.823913574,43.73581306414835,43.668067515344546
GHA,2024,7384.94821447134,3302091.776107788,45.8704322465886,45.80777461580967
GHA,2025,6844.637377269566,3060412.4162368774,47.44021322150763,47.39443245991197
GHA,2026,6417.113729834557,2866242.2167434692,48.47959166283506,48.45466226402341
GHA,2027,6110.21268171072,2724728.3485565186,49.1209193220606,49.11461103647303
GHA,2028,5910.413276389241,2631115.4432258606,49.50552176156177,49.51301438396071
GHA,2029,5793.085088998079,2575136.2158317566,49.741418192160104,49.75797617203584
GHA,2030,5731.9389507472515,2545275.94474411,49.89794038844046,49.919964111497116
GIN,2020,1296.9827488834271,656564.0534693599,4.466225825948594,4.466016662801567
GIN,2021,967.7618681407766,493004.6665395498,42.822300293488645,42.63966679937966
GIN,2022,876.4922050095629,448568.01047310233,45.68497751324335,45.687484159349445
GIN,2023,825.4019152504625,422360.09179484844,46.72035150852426,46.948931342892564
GIN,2024,800.9853943497874,409366.7660757899,47.07149989486853,47.454814592658
GIN,2025,790.1375623951899,403642.39135211706,47.19725931542676,47.68662469492654
GIN,2026,785.4588676611893,401482.6829302311,47.24564696125237,47.81848523657974
GIN,2027,783.4155699771363,400963.7634744048,47.26564434166879,47.91325984993869
GIN,2028,782.4542629625648,401170.30872792006,47.27479987715062,47.99512435569689
GIN,2029,781.9251158196712,401688.8100120127,47.27976334869496,48.073881021166734
GIN,2030,781.5651236041449,402338.745457232,47.283109972970095,48.15359844104697
GLP,2020,2.6272543692030013,1485.9315815269947,0.5700995210058192,4.466898212171561
GLP,2021,4.908134086523205,2718.7289836741984,3.220333334338532,46.171508389183764
GLP,2022,4.909281725995243,2717.7015483807772,3.2204099419631884,46.21664512818172
GLP,2023,4.910429366864264,2716.674113081768,3.220486585793613,46.26576109388148
GLP,2024,4.911577006801963,2715.6466777920723,3.220563265682631,46.31884362766676
GLP,2025,4.912724646739662,2714.619242493063,3.2206399813384934,46.37587910895778
GLP,2026,4.9138722866773605,2713.5918071977794,3.2207167334815607,46.436852972322605
GLP,2027,4.915019926615059,2712.5643719043583,3.220793521458615,46.5017497255086
GLP,2028,4.916167566552758,2711.536936610937,3.2208703457008228,46.57055296872401
GLP,2029,4.917315206956118,2710.509501317516,3.2209472058441566,46.643245414643964
GLP,2030,4.9184628473594785,2709.482066022232,3.2210241021751855,46.71980890932714
GNB,2020,506.01332015241496,174700.25095801055,4.462622125466157,4.464435652190403
GNB,2021,378.7193209481193,127286.3521643281,38.15894615042081,38.07578242412918
GNB,2022,350.36092183960136,119206.99066980183,40.398112435765306,40.277814834124534
GNB,2023,323.87759885634296,111123.10297080874,42.72074987995542,42.60057807327696
GNB,2024,300.786302984925,103613.70182718337,44.81130975653553,44.74915411614378
GNB,2025,281.80669818620663,97068.07369752228,46.48179635030105,46.53188943577672
GNB,2026,267.03939081780845,91694.13084053993,47.689231741025345,47.88513631797197
GNB,2027,256.14960947685177,87538.32305148244,48.492148511887095,48.84337414559266
GNB,2028,248.53929307882208,84518.21838119626,48.99143445033753,49.490185363223546
GNB,2029,243.49950987298507,82465.53095546365,49.286268878530805,49.91714195227878
GNB,2030,240.33309821487637,81172.33871853352,49.45381921322641,50.20119877568232
GNQ,2020,1985.293222998269,1344813.7124791145,4.466263637064152,4.466338403714277
GNQ,2021,2727.8020061319694,1847015.312338829,43.54814711003953,43.93934867006871
GNQ,2022,2862.865221504122,1949423.9342212677,46.04595959216624,46.35737664126288
GNQ,2023,2940.909670634195,2004183.4317631721,46.72408768983782,46.990933700928416
GNQ,2024,2973.86123195244,2028633.0063142776,46.90836247187157,47.19295564783378
GNQ,2025,2986.33986836439,2040939.7852272987,46.96419274775192,47.292291418781495
GNQ,2026,2990.9729718645103,2049078.0130667686,46.983020312486914,47.36629942106368
GNQ,2027,2992.84051258862,2055892.9974498749,46.990385843955096,47.43573771880814
GNQ,2028,2993.780645939056,2062307.4184565544,46.994124754550306,47.50661241980377
GNQ,2029,2994.41994256014,2068604.39073658,46.99672142449219,47.58067686817877
GNQ,2030,2994.963939317502,2074867.7062468529,46.9989629783448,47.65842795366855
GTM,2020,39387.10249017179,19725547.511262894,4.466898212171561,4.466898212171561
GTM,2021,26568.526443645358,13096044.52973938,46.171508389183764,46.171508389183764
GTM,2022,26606.002012453973,13118632.647668839,46.21664512818172,46.21664512818172
GTM,2023,26643.47758127749,13141220.76556778,46.26576109388148,46.26576109388148
GTM,2024,26680.953150063753,13163808.88347435,46.31884362766676,46.31884362766676
GTM,2025,26718.428718890995,13186397.00138855,46.37587910895778,46.37587910895778
GTM,2026,26755.90428769216,13208985.119306564,46.436852972322605,46.436852972322605
GTM,2027,26793.379856508225,13231573.23720932,46.5017497255086,46.5017497255086
GTM,2028,26830.855425328016,13254161.355113983,46.57055296872401,46.57055296872401
GTM,2029,26868.33099413663,13276749.473024368,46.643245414643964,46.643245414643964
GTM,2030,26905.806562952697,13299337.59094429,46.71980890932714,46.71980890932714
GUF,2020,3133.347630444914,2563597.973957062,4.466898212171561,4.466898212171561
GUF,2021,2681.9030275307596,2161113.4301166534,46.171508389183764,46.171508389183764
GUF,2022,2686.2248491086066,2164683.6885089874,46.21664512818172,46.21664512818172
GUF,2023,2690.5466706920415,2168253.9469070435,46.26576109388148,46.26576109388148
GUF,2024,2694.8684922661632,2171824.205301285,46.31884362766676,46.31884362766676
GUF,2025,2699.190313851461,2175394.463699341,46.37587910895778,46.37587910895778
GUF,2026,2703.5121354311705,2178964.722091675,46.436852972322605,46.436852972322605
GUF,2027,2707.833957007155,2182534.980485916,46.5017497255086,46.5017497255086
GUF,2028,2712.1557785924524,2186105.238882065,46.57055296872401,46.57055296872401
GUF,2029,2716.4776001740247,2189675.497280121,46.643245414643964,46.643245414643964
GUF,2030,2720.7994217518717,2193245.755678177,46.71980890932714,46.71980890932714
GUY,2020,10754.568386472762,7390629.594335556,4.465652269129318,4.464844436470239
GUY,2021,9071.911328569055,6369745.412698746,41.28534236730297,39.1807669440019
GUY,2022,8341.505239684135,5900376.06700325,44.475404930979785,42.02037140140078
GUY,2023,7825.786200739443,5520093.969213486,46.36536894453186,44.66354772489164
GUY,2024,7499.1494172252715,5240808.730894089,47.37616178990699,46.66288454927304
GUY,2025,7306.328404445201,5053780.060949326,47.91939828695278,47.94951468031632
GUY,2026,7199.27837658301,4940413.000827789,48.22985725404472,48.68905073060861
GUY,2027,7144.169551797211,4879495.134052277,48.42538009557826,49.09239809923221
GUY,2028,7119.3767548576,4851915.482114792,48.5638318656468,49.31767329735525
GUY,2029,7111.826144848019,4843189.312446594,48.674173408859254,49.458053395776325
GUY,2030,7113.895747356117,4843923.0372982025,48.77132778264607,49.56193199830412
HND,2020,41599.60010769218,23300913.999908447,4.465658274809235,4.465444429504476
HND,2021,30365.311710178852,17080508.311653137,40.96549883114804,40.82303149275701
HND,2022,27549.434383884072,15528896.33744049,44.12056161993166,43.9550593293592
HND,2023,25284.05941206962,14256720.26897049,46.124905677138216,46.004188952134484
HND,2024,23701.367395207286,13348312.117557526,47.26745287420824,47.204898263403635
HND,2025,22678.44913291931,12747259.992351532,47.91189939227716,47.89711447237794
HND,2026,22052.39404990524,12369958.531658173,48.29035048927379,48.30929031239647
HND,2027,21687.34955367446,12143568.501045227,48.529367728781715,48.5707503684634
HND,2028,21486.255768105388,12014331.266433716,48.69516367641302,48.751143578753165
HND,2029,21384.995926640928,11945705.276924133,48.82255094061559,48.88792780736693
HND,2030,21343.180649615824,11914047.765045166,48.93023847635268,49.00161485311204
HTI,2020,17.13944038376212,8577.947787284851,4.467442949610174,4.4695734394645585
HTI,2021,148.95072243455797,67043.16384112835,46.08819259211893,45.8739739497498
HTI,2022,156.7995578078553,70393.61630189419,46.32187106757264,46.0695387815337
HTI,2023,158.21676769433543,70429.03042709827,46.37644266558302,46.07092871397576
HTI,2024,159.38966421736404,70459.75121450424,46.429904651208254,46.07213638904704
HTI,2025,160.55514116724953,70490.47191810608,46.48717559939933,46.0733446260089
HTI,2026,161.72041434887797,70521.19262218475,46.5483907679859,46.074553428066444
HTI,2027,162.8856822452508,70551.91332602501,46.61353877284218,46.07576279518025
HTI,2028,164.05095001030713,70582.63402938843,46.682603257714256,46.07697272731089
HTI,2029,165.21621777163818,70613.35473358631,46.75556686973488,46.07818322441383
HTI,2030,166.38148553296924,70644.07543730736,46.83241138483748,46.079394286429405
IDN,2020,270950.6695330143,208324240.53955078,4.466385020912381,4.46720085717036
IDN,2021,419926.8752999306,330006663.11279297,44.033803546589,42.616171448537905
IDN,2022,461057.87576651573,368758313.5126953,46.38661161327036,45.67086409093727
IDN,2023,477630.4205005169,391797366.03466797,46.980227117084766,46.94417657262889
IDN,2024,483470.8694832325,403649522.77490234,47.1678708592874,47.45735611899769
IDN,2025,485571.50854349136,409363546.2109375,47.26214754580048,47.69286739336658
IDN,2026,486494.49314546585,412062793.00024414,47.334354587137774,47.8265458020054
IDN,2027,487067.4448711872,413369913.08154297,47.403163024170816,47.92221140111827
IDN,2028,487540.17240452766,414059024.1369629,47.47382134990674,48.00450850544397
IDN,2029,487984.944286108,414481183.28149414,47.54781010618751,48.08347108902757
IDN,2030,488422.06798005104,414790326.404541,47.62553187501016,48.163283865160025
IND,2020,20791.969184823334,11398277.604351044,4.466344334342685,4.466411118557279
IND,2021,18607.358581274748,10169854.236122131,43.938014767242386,44.032998363224365
IND,2022,18129.600892797112,9893103.649253845,46.356934387043815,46.38637536687744
IND,2023,17933.11216698587,9784776.208560944,46.991102138403164,46.98029198669393
IND,2024,17878.528379425406,9756429.84765625,47.19335280402839,47.16803861819201
IND,2025,17877.20503207296,9756802.360023499,47.29277098768664,47.26235048147109
IND,2026,17893.614799447358,9766360.028213501,47.366808984062175,47.33456977354748
IND,2027,17915.555368103087,9778674.049633026,47.43625805567055,47.403382419101796
IND,2028,17939.151281312108,9791782.46105957,47.5071366071415,47.47404217824557
IND,2029,17963.22875970602,9805113.511283875,47.58120250266924,47.54803144403928
IND,2030,17987.443454124033,9818505.694728851,47.65895422733115,47.6257534235901
JAM,2020,245.5521357296966,132593.36673808098,4.466894451559263,4.466865489401033
JAM,2021,461.75272651342675,248652.998390913,45.96008711999123,45.99121125944482
JAM,2022,479.40001299371943,257272.92044115067,46.39112078346594,46.37724961707968
JAM,2023,479.56104266503826,257231.7155559063,46.45868746848904,46.441325844302376
JAM,2024,478.4267935557291,256618.19769096375,46.513170354605364,46.495496239176376
JAM,2025,477.21528893429786,255974.260689497,46.570637075627076,46.552914372066766
JAM,2026,475.9996085562743,255328.85892415047,46.63200412910923,46.61425049452303
JAM,2027,474.7837148788385,254683.39051115513,46.697306871485715,46.67952242618566
JAM,2028,473.5678106963169,254037.91917586327,46.76653144156633,46.748715214736116
JAM,2029,472.35190601227805,253392.4477159977,46.83966058200851,46.82181154559888
JAM,2030,471.1360013028607,252746.97624981403,46.916676040947415,46.89879316960507
KEN,2020,3540.5527341980487,1472617.8111848831,4.466898212171561,4.466898212171561
KEN,2021,2592.5692744199187,1319705.348371029,46.171508389183764,46.171508389183764
KEN,2022,2592.9735737955198,1318455.4971661568,46.21664512818172,46.21664512818172
KEN,2023,2593.3778731692582,1317205.6459627151,46.26576109388148,46.26576109388148
KEN,2024,2593.782172541134,1315955.7947592735,46.31884362766676,46.31884362766676
KEN,2025,2594.1864719204605,1314705.9435567856,46.37587910895778,46.37587910895778
KEN,2026,2594.5907712904736,1313456.0923519135,46.436852972322605,46.436852972322605
KEN,2027,2594.995070667006,1312206.2411484718,46.5017497255086,46.5017497255086
KEN,2028,2595.3993700379506,1310956.3899450302,46.57055296872401,46.57055296872401
KEN,2029,2595.8036694107577,1309706.5387415886,46.643245414643964,46.643245414643964
KEN,2030,2596.207968784496,1308456.6875367165,46.71980890932714,46.71980890932714
KHM,2020,62278.38517007232,39464038.0184021,4.465088385165255,4.464941902596144
KHM,2021,62314.538601607084,39685235.28138733,39.83045242710586,39.250715794443416
KHM,2022,63125.6405403018,40336636.728759766,44.18279300490342,43.939439556970356
KHM,2023,63242.98300656676,40580912.05609131,46.59624707183952,46.44141903962391
KHM,2024,63076.15439161658,40581838.762023926,47.785430196820194,47.76122104491806
KHM,2025,62954.91511049867,40545498.20756531,48.26889105739096,48.33884898903856
KHM,2026,62939.913891106844,40544773.72532654,48.4663763432895,48.58228579853844
KHM,2027,62988.248470544815,40576522.79263306,48.57010414856919,48.70426199784699
KHM,2028,63060.37080621719,40623507.02049255,48.64889396005866,48.789133772213866
KHM,2029,63138.935620456934,40675469.764312744,48.72433903302206,48.86620510165473
KHM,2030,63218.82259300351,40728661.08900452,48.802165973801415,48.94434339949338
KNA,2020,4.046717427670956,1478.4083116073161,0.22161076121147855,0.4093747982541526
KNA,2021,2.9773555984720588,1911.2790948385373,1.997117949829321,45.66004486334129
KNA,2022,3.2056383341550827,1950.6412364831194,2.1099370703167866,46.173457271146084
KNA,2023,3.391613356769085,1951.2429105630144,2.2292714744910183,46.177543991719986
KNA,2024,3.524734809063375,1951.476767839864,2.337868736299268,46.17896277542348
KNA,2025,3.606552212499082,1951.7104667806998,2.4255102012113157,46.18038111838825
KNA,2026,3.646820562891662,1951.9441657122225,2.489622803557056,46.18180016157134
KNA,2027,3.658708242699504,1952.177864649333,2.532897162177061,46.18321990491829
KNA,2028,3.654731821268797,1952.4115635855123,2.560273359273329,46.18464034836957
KNA,2029,3.644364796578884,1952.645262519829,2.5767278336172046,46.186061491860585
KNA,2030,3.633395742624998,1952.8789614569396,2.586225525746467,46.187483335326725
LAO,2020,82074.44343051314,47522231.4920845,4.46439925682058,4.464948614041285
LAO,2021,64745.62772740796,37008514.98134613,37.98915701665701,39.39127131417594
LAO,2022,61385.3880264014,35154633.16969681,40.904679863812575,42.08440147851927
LAO,2023,58373.71074670181,33266884.920621872,43.31772482589909,44.33188348708206
LAO,2024,55229.863528411835,31602925.56837654,45.44595540250433,46.01176743601359
LAO,2025,52305.575157657266,30243477.388692856,47.11586092186317,47.210249301165916
LAO,2026,49849.87642661482,29184874.593280792,48.30523290143862,48.05299105902437
LAO,2027,47972.054159816355,28388411.44534111,49.09395636848884,48.64848190228135
LAO,2028,46660.52839086205,27805426.13594055,49.59571169781516,49.07698846179324
LAO,2029,45825.62590729445,27389080.70626831,49.91317926744332,49.39415032022875
LAO,2030,45346.2467514351,27099090.26361084,50.121556598160126,49.63747255081742
LBR,2020,31751.513736551628,15538754.28009367,4.464310288265833,4.464390825592423
LBR,2021,24033.04888948798,11725049.846793652,37.80852622043279,37.78769073411524
LBR,2022,22950.02052996587,11217809.140346527,39.854543327729544,39.82154130909568
LBR,2023,21646.118945937604,10594796.918452263,42.05697491575005,42.01404690281397
LBR,2024,20270.398253615946,9928670.482083797,44.16654474989864,44.11943961875405
LBR,2025,18949.882365669124,9282603.002623558,45.999342667141875,45.95479082591426
LBR,2026,17776.676486745477,8703469.933940887,47.467567511374824,47.4309314285499
LBR,2027,16803.361773258075,8219067.48679781,48.568931822516,48.54303822785241
LBR,2028,16045.973765650764,7839139.538569927,49.355250229331006,49.34046905351021
LBR,2029,15492.297393523157,7559166.521440983,49.89957285075679,49.89462491990162
LBR,2030,15112.488257559016,7365461.841928482,50.27295225089126,50.27583641010993
LCA,2020,3.1996638586279005,1787.3215039595962,2.205101865893197,4.466904345651078
LCA,2021,6.230334399733692,4289.99584055692,9.640571684560467,45.850905687259605
LCA,2022,7.164061259012669,4576.470043763518,10.199275407127896,46.43122864940674
LCA,2023,7.3427873242180794,4619.007085047662,10.26048387833328,46.5124793026333
LCA,2024,7.358229263452813,4637.444112710655,10.264410200408348,46.56840047595301
LCA,2025,7.360750957392156,4653.945715811104,10.264943680061617,46.62606989083881
LCA,2026,7.362892726901919,4670.306061152369,10.2653802381156,46.68753270768828
LCA,2027,7.365030372748151,4686.656651299447,10.265818425932588,46.7529254124891
LCA,2028,7.367168001597747,4703.006591618061,10.266259334582143,46.82224215181827
LCA,2029,7.369305630680174,4719.356489758939,10.266702968294727,46.89546624161734
LCA,2030,7.371443260228261,4735.706385221332,10.267149326603706,46.97257945586805
LKA,2020,283.95752849947894,105844.80084598064,4.466920592721834,4.466898212171561
LKA,2021,512.8551770838094,201307.1953688562,46.171508389183764,46.171508389183764
LKA,2022,512.621494108229,201207.95374330878,46.21664512818172,46.21664512818172
LKA,2023,512.3878111317172,201108.71211779118,46.26576109388148,46.26576109388148
LKA,2024,512.1541281555546,201009.47049206495,46.31884362766676,46.31884362766676
LKA,2025,511.92044517968316,200910.22886630893,46.37587910895778,46.37587910895778
LKA,2026,511.68676220357884,200810.98724079132,46.436852972322605,46.436852972322605
LKA,2027,511.4530792272417,200711.7456150949,46.5017497255086,46.5017497255086
LKA,2028,511.2193962514866,200612.50398939848,46.57055296872401,46.57055296872401
LKA,2029,510.9857132754987,200513.26236379147,46.643245414643964,46.643245414643964
LKA,2030,510.7520302996272,200414.02073824406,46.71980890932714,46.71980890932714
MAF,2020,1.1719403248280287,515.3221697092522,0.0,4.472242203750342
MAF,2021,1.219866489060223,476.0638062621001,1.422870870019357,46.219868518025834
MAF,2022,1.2244157763198018,475.56200097175315,1.436432779986107,46.25810358796041
MAF,2023,1.2244544858112931,475.53892842307687,1.4364957383750916,46.259725297101355
MAF,2024,1.2244759816676378,475.5191433914006,1.436526461895651,46.26111678134196
MAF,2025,1.2244974579662085,475.4993761454243,1.4365577807104137,46.26250774229041
MAF,2026,1.2245189370587468,475.4796089872252,1.4365897265465135,46.26389942313732
MAF,2027,1.2245404152199626,475.4598418294918,1.436622299848326,46.26529182990706
MAF,2028,1.2245618905872107,475.4400746715255,1.436655500735236,46.26668496253913
MAF,2029,1.224583369679749,475.4203075130936,1.4366893286775524,46.268078820993125
MAF,2030,1.2246048487722874,475.4005403551273,1.4367237836309832,46.26947340518331
MDG,2020,57713.63853935897,32333712.173797607,4.46544489876923,4.465669199799548
MDG,2021,53276.818853497505,29751171.917617798,40.90389115934887,40.8597939947082
MDG,2022,50413.58251261711,28121450.185577393,44.04967411733226,43.99820214556917
MDG,2023,48777.4000698179,27173671.283317566,46.07387177855985,46.03615944468866
MDG,2024,47866.74922455847,26636979.632377625,47.24157167256549,47.22190899119253
MDG,2025,47379.46740552783,26344221.754112244,47.906411168025016,47.901640720892594
MDG,2026,47136.626891344786,26194421.96685791,48.29912329272972,48.30489891350094
MDG,2027,47033.69511690736,26127564.526176453,48.547559430102844,48.56036936839471
MDG,2028,47010.26016025245,26108431.043281555,48.71944226887939,48.7368361454498
MDG,2029,47031.717143684626,26116566.458068848,48.850724465842724,48.87107431112585
MDG,2030,47078.39027054608,26140190.726722717,48.96088372151566,48.983123987100896
MDV,2020,2.0257609263062477,28.098392913554562,0.9591033190714761,39.27295947804261
MDV,2021,2.1072410736232996,28.112339578430692,0.9876973925714388,39.27469281451757
MDV,2022,2.188708744943142,28.126252873480553,1.0176747005344529,39.27642278145784
MDV,2023,2.2701631877571344,28.140163259595283,1.0489190466682095,39.278153166292356
MDV,2024,2.3516036476939917,28.15407339693047,1.081323064832614,39.279884299837704
MDV,2025,2.4330293890088797,28.16798351323814,1.1147881534192665,39.28161621036849
MDV,2026,2.514439709484577,28.181893627850513,1.149224181562732,39.28334890012901
MDV,2027,2.5958339031785727,28.195803742280987,1.184549075562891,39.28508236924731
MDV,2028,2.6772112920880318,28.209713856718736,1.2206882971816722,39.28681661763208
MDV,2029,2.758571220561862,28.22362397116376,1.257574290433956,39.28855164518604
MDV,2030,2.8399130534380674,28.237534085536026,1.2951459083110877,39.2902874517882
MEX,2020,68297.30273288488,28090625.017227173,4.465854842446421,4.465005775533828
MEX,2021,53405.5664486438,23105378.21876526,39.464373108729724,39.618372435993706
MEX,2022,49541.50064407289,21209067.421585083,42.455920122667116,42.68934641351237
MEX,2023,45246.39410638809,19273246.982185364,45.11845617856571,45.349846904660694
MEX,2024,41455.96718758345,17692707.306365967,46.998842946575756,47.15376035938853
MEX,2025,38667.697312399745,16620061.05167389,48.113376961869385,48.17316660369812
MEX,2026,36927.00525543094,16007204.142326355,48.704362861457916,48.69044788069098
MEX,2027,36002.64848412573,15714026.126571655,49.00885523625051,48.950363584890354
MEX,2028,35593.25207905471,15601831.15234375,49.177778799711966,49.096019885363916
MEX,2029,35455.75260421634,15575271.514038086,49.289291207791464,49.19666685049652
MEX,2030,35440.49357062578,15583059.502105713,49.379798633266425,49.2826712245661
MMR,2020,44384.12583898008,27220253.770210266,4.4682260047494955,4.465373459733816
MMR,2021,36961.46763958037,22761130.074035645,41.094549627578814,40.63315107879159
MMR,2022,35280.09242680669,21829978.98716736,44.2665280447612,43.72788677854289
MMR,2023,33928.44577096403,21038554.07369232,46.2269422506524,45.83026665125107
MMR,2024,33000.045567020774,20456548.091758728,47.31641143395537,47.10708985875356
MMR,2025,32416.097568556666,20061796.59476471,47.91896172359008,47.86498981375722
MMR,2026,32072.647639751434,19809218.239341736,48.2686983478151,48.32527056634499
MMR,2027,31884.531095966697,19656136.36907196,48.48905447188616,48.61969628849011
MMR,2028,31792.107602253556,19569357.223762512,48.6429578316084,48.82207408823508
MMR,2029,31756.79099677503,19525339.217765808,48.76283506409084,48.97334270038224
MMR,2030,31754.784203991294,19508261.449569702,48.8658204010848,49.09649378942904
MOZ,2020,307.3382235970348,150945.78757429123,0.20015739919286415,4.466848991308517
MOZ,2021,562.1967141563073,286078.6345396042,45.817906137911294,45.969040684014736
MOZ,2022,589.2587110805325,301264.9145703316,46.28888698091911,46.393427439244185
MOZ,2023,594.3831239021383,303094.36173915863,46.359792348005975,46.44401289516862
MOZ,2024,597.6852061366662,304857.46330165863,46.41469701620148,46.49743257694565
MOZ,2025,600.8674681806006,306620.5554909706,46.472330622116594,46.55482006588255
MOZ,2026,604.0426260465756,308383.6476802826,46.533853195258935,46.616160871069894
MOZ,2027,607.217386694625,310146.7398695946,46.599319096013325,46.68143940815358
MOZ,2028,610.3921259576455,311909.8320579529,46.66871566781216,46.750639182274575
MOZ,2029,613.5668640984222,313672.9242463112,46.742025617479435,46.82374280802803
MOZ,2030,616.7416021809913,315436.01643657684,46.819230573565974,46.900732030792746
MSR,2020,0.7543826818000525,327.2508655041456,0.5992136031207052,4.46769906810712
MSR,2021,3.0363797994796187,1726.451673090458,5.175798416199197,46.32209587101248
MSR,2022,3.1466594717931002,1725.675730675459,5.194377714551374,46.36995788399876
MSR,2023,3.151615737937391,1724.8997882101685,5.194987986224497,46.421808048407534
MSR,2024,3.1529130137059838,1724.1238457523286,5.195147708693956,46.47763301688862
MSR,2025,3.1541090176906437,1723.3479032851756,5.19529520830525,46.5374184852472
MSR,2026,3.155302490107715,1722.5719608180225,5.1954424694393175,46.60114921049217
MSR,2027,3.156495902687311,1721.7960183452815,5.195589791916288,46.66880902975868
MSR,2028,3.157689313404262,1721.0200758893043,5.195737182766406,46.74038088017277
MSR,2029,3.158882724819705,1720.2441334202886,5.195884642342337,46.81584681964248
MSR,2030,3.1600761357694864,1719.4681909568608,5.196032170324564,46.89518804853834
MTQ,2020,3.799383415374905,1972.7998473439366,0.3321289101196576,4.466497090064206
MTQ,2021,5.717063856776804,3379.5466438420117,5.763297257550485,44.94225704150608
MTQ,2022,6.368867670651525,3676.7139684017748,7.0027344071938895,46.29298581841633
MTQ,2023,6.421555270906538,3744.5169252827764,7.066657657128633,46.46112124954115
MTQ,2024,6.4069667723961174,3758.278000516817,7.085409643488434,46.488316078567046
MTQ,2025,6.391201984137297,3761.4502502679825,7.1043021591570845,46.49426116740444
MTQ,2026,6.37604585615918,3762.723403705284,7.124250173751725,46.496603037628375
MTQ,2027,6.361493490636349,3763.673258120194,7.1452151194979105,46.498336048166806
MTQ,2028,6.347529023885727,3764.569936595857,7.167152952134234,46.49996933879782
MTQ,2029,6.334136944729835,3765.458079850301,7.1900203188530964,46.50158720118045
MTQ,2030,6.321302104275674,3766.344877887517,7.213774619464561,46.503203249271515
MWI,2020,146.28372462186962,63483.34987621009,0.6542583383057801,4.466917184690665
MWI,2021,185.61088536214083,25881.86739487946,20.1335898132908,44.21456652991333
MWI,2022,132.86904942058027,16719.55766004324,36.91134314609333,46.43538304566766
MWI,2023,93.96809331141412,13188.547808721662,42.6942185756009,46.95547437583954
MWI,2024,81.30616209888831,12096.456668227911,44.817850855671345,47.11805978828041
MWI,2025,75.02341889357194,11812.934429228306,46.18182777910653,47.20386169466839
MWI,2026,69.49549050768837,11768.938955329359,47.249580671628365,47.2731742740052
MWI,2027,64.42487119790167,11791.605573430657,48.090079792359404,47.34101292772255
MWI,2028,59.94085265509784,11832.101553499699,48.744299026179455,47.41134904684928
MWI,2029,56.08653493830934,11877.236512430012,49.25008559680485,47.485224960256446
MWI,2030,52.84079075977206,11923.554294064641,49.63990370332506,47.56289952801114
MYS,2020,73340.57483047247,57894900.55102539,4.465347906118866,4.466695743407565
MYS,2021,104133.58093476295,101900006.86434937,39.50776624536598,45.18906162719888
MYS,2022,104465.36111956835,110513213.78399658,42.52217980435284,46.536220593151825
MYS,2023,108648.04851615429,112557081.9083252,45.18517051588063,46.743144455766846
MYS,2024,114139.71398574114,113050727.36920166,47.04470795192662,46.820572435880244
MYS,2025,119018.86999207735,113253445.00024414,48.132258766927,46.8821699616085
MYS,2026,122455.3276438117,113406862.90969849,48.70174115670351,46.9445229961555
MYS,2027,124487.59606873989,113552397.95925903,48.992911607012836,47.010312581833745
MYS,2028,125539.0379447341,113696718.99884033,49.15472879817609,47.0799544859574
MYS,2029,126044.13854497671,113840857.92138672,49.262845613299675,47.15349850987805
MYS,2030,126296.62441647053,113984970.04956055,49.35190666739818,47.23093655702759
NGA,2020,14564.932592503726,6097144.749853134,4.465159974764427,4.464918438949213
NGA,2021,11463.013536639512,4778851.163032532,40.03988144251052,39.10056802726405
NGA,2022,10536.066514588892,4359402.188425064,42.9735454959912,41.8961917184008
NGA,2023,9751.309025287628,3962894.6274909973,45.19087966591871,44.528556051583365
NGA,2024,9147.000137858093,3640999.4038276672,46.68669152651975,46.555929997623444
NGA,2025,8707.370326131582,3410608.6558265686,47.658401703832176,47.88962654961053
NGA,2026,8399.994843184948,3263675.7182426453,48.29001047797031,48.67365697962309
NGA,2027,8191.802757702768,3180183.85071373,48.71066443565411,49.10899445285117
NGA,2028,8054.878048680723,3138519.4076137543,49.00255836076136,49.353802731452305
NGA,2029,7967.684230618179,3121190.354288101,49.216178038056036,49.504885322401876
NGA,2030,7914.461308583617,3116456.7707004547,49.382328644143755,49.6141102139902
NIC,2020,52625.69716474414,29187545.84729004,0.11886490122326059,4.466776227402931
NIC,2021,30681.703919678926,17614160.0675354,45.59303826189753,45.65632094182351
NIC,2022,27886.789575129747,16054950.57359314,46.356405728519796,46.48134922439864
NIC,2023,27651.522904723883,15907345.974197388,46.458645662802695,46.5920364388116
NIC,2024,27755.481059879065,15962382.442489624,46.5173668029727,46.65189246400823
NIC,2025,27895.390100479126,16040698.820144653,46.57554284065828,46.71013615510292
NIC,2026,28038.74496471882,16121434.50717163,46.63725499874795,46.77176400220038
NIC,2027,28182.41168308258,16202407.614212036,46.702879979159945,46.83727953477866
NIC,2028,28326.10559487343,16283403.171173096,46.772437041047866,46.9067177033234
NIC,2029,28469.801816910505,16364400.796478271,46.84591181894265,46.98006601291634
NIC,2030,28613.49823141098,16445398.608657837,46.923286179659016,47.057306635487365
NPL,2020,170.55990868457593,99987.090290308,4.477975283134916,4.466898212171561
NPL,2021,192.48800963291433,124844.60305291414,45.94109328717758,46.171508389183764
NPL,2022,192.93071499408688,124784.08266848326,45.99302168050331,46.21664512818172
NPL,2023,192.9418591404101,124723.56228411198,45.99415734127892,46.26576109388148
NPL,2024,192.9529784283368,124663.0418997407,45.99529105010467,46.31884362766676
NPL,2025,192.96409771591425,124602.52151507139,45.9964252912211,46.37587910895778
NPL,2026,192.97521700360812,124542.0011305809,45.99756006462934,46.436852972322605
NPL,2027,192.98633629106916,124481.48074615002,45.998695370244434,46.5017497255086
NPL,2028,192.99745557864662,124420.96036159992,45.99983120806746,46.57055296872401
NPL,2029,193.00857486622408,124360.43997710943,46.00096757802864,46.643245414643964
NPL,2030,193.01969415403437,124299.91959261894,46.0021044800936,46.71980890932714
PAN,2020,6583.100525332615,4004155.4383277893,4.466188083744019,4.465795507097288
PAN,2021,4962.1043514776975,3129919.980017662,43.32001674889101,41.6968840315429
PAN,2022,4469.806009426713,2817747.040017128,46.10058964854082,45.39071291151332
PAN,2023,4231.3246684372425,2612662.670059204,47.020091984277265,47.14685192009927
PAN,2024,4134.644534999505,2525861.5471868515,47.34157698697192,47.68609693621281
PAN,2025,4101.035702077672,2503311.307709694,47.487626710670995,47.848734558037464
PAN,2026,4092.7657863441855,2501821.207353592,47.58010130286029,47.92906974205502
PAN,2027,4094.1027502529323,2504775.1069345474,47.65678547880804,47.997479254207896
PAN,2028,4098.948086256161,2508350.5387821198,47.73044492872143,48.06764619156841
PAN,2029,4105.041485786438,2511984.4789114,47.805561134498056,48.141502748327184
PAN,2030,4111.570340394974,2515622.1593780518,47.883708594992534,48.21921994374262
PER,2020,189858.80612556636,131248344.36627197,4.464845844453536,4.4648372689940174
PER,2021,151599.95259161294,104344905.64331055,39.151096009919584,39.13096753726183
PER,2022,145259.53302282095,100010918.3642273,41.74195148669299,41.71290337008256
PER,2023,138682.0551674366,95461977.11941528,43.97506521038701,43.94416446864694
PER,2024,132744.73961363733,91327845.99266052,45.70300408087531,45.67557267521919
PER,2025,127767.02438315749,87844541.2088623,46.97680352107694,46.95538869710213
PER,2026,123784.72102117538,85046125.45835876,47.89880122996046,47.883986385455
PER,2027,120703.45231674612,82872630.4145813,48.56600276912809,48.55733089653389
PER,2028,118381.36332440376,81228631.78363037,49.05467612129258,49.05127456056527
PER,2029,116671.19119626284,80013330.42321777,49.420265447481924,49.42118588072131
PER,2030,115439.58650115132,79134591.39508057,49.70164343653914,49.706015939488886
PHL,2020,7750.349848393351,5251276.52148819,4.46649417844027,4.466498477561423
PHL,2021,7682.206194624305,5236948.936618805,44.51944590210212,44.54780234001455
PHL,2022,7685.704393200576,5246637.781419754,46.49627429309497,46.50057906937807
PHL,2023,7696.497478891164,5256347.162666321,46.90267291075249,46.89708596361381
PHL,2024,7709.5107892900705,5265819.8008060455,47.03018749721462,47.02176213873666
PHL,2025,7723.11186401546,5275200.852689743,47.10498774621639,47.095723199933026
PHL,2026,7736.857599917799,5284555.4781246185,47.17083259804226,47.161320275729615
PHL,2027,7750.637376185507,5293903.334981918,47.23759580875466,47.2280109504837
PHL,2028,7764.424922063947,5303249.567461014,47.307588969309386,47.29798112072992
PHL,2029,7778.214202661067,5312595.425796509,47.38133671925926,47.37171923994214
PHL,2030,7792.003864143044,5321941.200370789,47.45894442324497,47.44932082294498
PLW,2020,4.492646919330582,3024.008409179747,4.359659180556374,4.474889509830611
PLW,2021,9.445053771138191,9095.67486229539,9.565714898732853,45.576694900537134
PLW,2022,11.82212115987204,10133.48070114851,10.52303869683687,46.766201950901745
PLW,2023,12.437904686201364,10309.006780527532,10.638225297101542,46.94200678368267
PLW,2024,12.639730662107468,10320.477373205125,10.666551571654596,47.015521584777716
PLW,2025,12.704754188889638,10306.596388459206,10.674695250106627,47.07891810349442
PLW,2026,12.72688818955794,10289.155890464783,10.677374010030272,47.14432781270055
PLW,2027,12.736307502025738,10271.24254911393,10.678511506378213,47.21341911466213
PLW,2028,12.742092803819105,10253.268625229597,10.679215362807497,47.28640096189013
PLW,2029,12.74686581059359,10235.287134364247,10.679799343213631,47.36328456404763
PLW,2030,12.751362154027447,10217.304716050625,10.680351043747821,47.4440546412466
PNG,2020,44912.314088612795,37398885.60702515,4.465102183880023,4.478806871845911
PNG,2021,44169.099294275045,37299121.655181885,39.87711433121483,39.688154107233586
PNG,2022,40755.78723156452,34247351.55703735,43.074371636772234,42.794029268630425
PNG,2023,39138.23631167412,32637418.94949341,45.710117412241615,45.45047735812474
PNG,2024,38662.280290693045,32043017.115844727,47.370040820434525,47.21737421225222
PNG,2025,38701.52128171921,31975613.241973877,48.23257858450179,48.19399104774968
PNG,2026,38873.03848469257,32090086.313232422,48.640093954295644,48.67992560245855
PNG,2027,39025.75170344114,32220742.11880493,48.83925511756307,48.92179649008289
PNG,2028,39135.411501437426,32321275.320465088,48.955721695668764,49.05845974571395
PNG,2029,39217.28091040254,32395028.18621826,49.043934768568825,49.15511611552559
PNG,2030,39286.96195316315,32454573.60559082,49.12533747378948,49.239568201851725
PRI,2020,31.858980022370815,17965.640111923218,4.466898212171561,4.466898212171561
PRI,2021,915.2250801324844,526408.0557308197,46.171508389183764,46.171508389183764
PRI,2022,924.7391641624272,531891.7016391754,46.21664512818172,46.21664512818172
PRI,2023,934.2532481849194,537375.3475475311,46.26576109388148,46.26576109388148
PRI,2024,943.7673322148621,542858.9934577942,46.31884362766676,46.31884362766676
PRI,2025,953.2814162485301,548342.6393642426,46.37587910895778,46.37587910895778
PRI,2026,962.7955002747476,553826.285276413,46.436852972322605,46.436852972322605
PRI,2027,972.3095843046904,559309.931186676,46.5017497255086,46.5017497255086
PRI,2028,981.8236683271825,564793.5770931244,46.57055296872401,46.57055296872401
PRI,2029,991.3377523645759,570277.2230033875,46.643245414643964,46.643245414643964
PRI,2030,1000.851836387068,575760.8689136505,46.71980890932714,46.71980890932714
PRY,2020,58546.62136533484,25616770.45100975,4.466898212171561,4.466898212171561
PRY,2021,53367.732599422336,18708657.6998024,46.171508389183764,46.171508389183764
PRY,2022,53357.53435134143,18710847.83995819,46.21664512818172,46.21664512818172
PRY,2023,53347.33610324189,18713037.98009491,46.26576109388148,46.26576109388148
PRY,2024,53337.13785517216,18715228.120248795,46.31884362766676,46.31884362766676
PRY,2025,53326.93960706517,18717418.260404587,46.37587910895778,46.37587910895778
PRY,2026,53316.74135900661,18719608.400556564,46.436852972322605,46.436852972322605
PRY,2027,53306.543110918254,18721798.540704727,46.5017497255086,46.5017497255086
PRY,2028,53296.34486284852,18723988.680847168,46.57055296872401,46.57055296872401
PRY,2029,53286.14661475271,18726178.82100296,46.643245414643964,46.643245414643964
PRY,2030,53275.94836669415,18728368.961162567,46.71980890932714,46.71980890932714
RWA,2020,113.43636299960781,64250.0505746305,0.19943168540783507,4.466898212171561
RWA,2021,39.896371248178184,14367.972645044327,24.557757282064166,46.171508389183764
RWA,2022,41.59334516816307,14410.104876846075,25.08166343242415,46.21664512818172
RWA,2023,43.08093759207986,14452.237108677626,25.67912049219886,46.26576109388148
RWA,2024,44.333442536066286,14494.369340449572,26.34007003221459,46.31884362766676
RWA,2025,45.332858712296,14536.501572281122,27.0515213442773,46.37587910895778
RWA,2026,46.06915681064129,14578.633804053068,27.798632379206655,46.436852972322605
RWA,2027,46.540285713388585,14620.766035884619,28.565808533780896,46.5017497255086
RWA,2028,46.75183065386955,14662.898267686367,29.33770173370531,46.57055296872401
RWA,2029,46.71635898796376,14705.030499458313,30.100031587254527,46.643245414643964
RWA,2030,46.45250549714547,14747.162731289864,30.840192931661445,46.71980890932714
SEN,2020,0.6437975503504276,251.30265946802683,0.0,4.466944919746573
SEN,2021,0.44904492422938347,133.57039804686792,0.19036168571559522,46.35292069888714
SEN,2022,0.43100783601403236,134.01401055476163,0.21013047891672598,46.39712745488407
SEN,2023,0.43624621257185936,134.45762306253891,0.21424799812323642,46.44533656714621
SEN,2024,0.4415914714336395,134.9012355701998,0.2185777503297477,46.497535586685665
SEN,2025,0.4469013661146164,135.3448480780935,0.22316614855975347,46.553711092241265
SEN,2026,0.4521767795085907,135.78846058587078,0.2279969528007947,46.61384870732935
SEN,2027,0.45741865783929825,136.23207309329882,0.23305444726365412,46.67793311817554
SEN,2028,0.4626278653740883,136.67568560119253,0.2383235460014181,46.74594809272668
SEN,2029,0.46780529990792274,137.11929810908623,0.24378986911368244,46.81787650052001
SEN,2030,0.47295182943344116,137.5629106166307,0.24943979555490486,46.89370033353396
SGP,2020,19.07319314382039,16153.876561494544,0.13620132900312942,0.022574469524521395
SGP,2021,12.310017445823178,8106.6902239099145,5.201363941747539,40.37907096424276
SGP,2022,7.181129049509764,3486.9661785755306,7.497476912637051,47.46063878615393
SGP,2023,5.372085977811366,2638.248657025397,8.039555099745632,48.014897672057465
SGP,2024,4.8428421267308295,2527.6285962369293,8.219667083406746,48.069900344693146
SGP,2025,4.7069645980373025,2504.7311323527247,8.33267696605197,48.08085259301339
SGP,2026,4.722576585132629,2495.2785957399756,8.427814374745132,48.085348894657066
SGP,2027,4.800930957775563,2488.0937410891056,8.518869978004915,48.08876534046368
SGP,2028,4.904613603372127,2481.281127177179,8.611081586007192,48.09200589264184
SGP,2029,5.018248554319143,2474.5280590113252,8.706468914669705,48.09521946066956
SGP,2030,5.135715851094574,2467.7843346456066,8.805749511494533,48.09842994672641
SLB,2020,10457.63680677861,8784659.570964813,0.702479593444698,4.464117959768383
SLB,2021,9350.991786237806,7797626.736328125,37.59419821933921,37.36717832367501
SLB,2022,8414.359251119196,7010632.666257858,41.834184722186,41.968324393527745
SLB,2023,7638.380621999502,6363565.170722961,44.43911599788042,44.583024201101736
SLB,2024,7068.846816223115,5883404.028924942,46.45353891568476,46.583843702388016
SLB,2025,6697.951881252229,5566060.578491211,47.83057341736258,47.95977333097052
SLB,2026,6483.545942995697,5379286.624658585,48.674224245281025,48.80943296257891
SLB,2027,6374.830048173666,5282351.981851578,49.15944478587108,49.30162482066624
SLB,2028,6328.673879764974,5239672.995668411,49.43755625681541,49.58503175351013
SLB,2029,6315.366277690977,5226117.400447845,49.608091869731275,49.75885700396717
SLB,2030,6317.471241209656,5226563.078819275,49.72761048701023,49.88013964085814
SLE,2020,2956.145692463964,1359451.4175510406,4.466521486067222,4.465015389304724
SLE,2021,2590.231069171801,1183840.5585932732,38.93580289699835,38.948125137078804
SLE,2022,2300.7281601661816,1053378.295609951,41.638606968485604,41.65822503894691
SLE,2023,2052.652678595856,939683.7890753746,44.24189483101651,44.264020064971135
SLE,2024,1864.6751795131713,852180.5300068855,46.31890757343089,46.337660178474714
SLE,2025,1737.3532322822139,792016.7435503006,47.746028088243456,47.757893891813545
SLE,2026,1660.0801737513393,754953.2027115822,48.624031256054344,48.62869090705301
SLE,2027,1618.3565563298762,734619.352077961,49.13061687524888,49.12963162226239
SLE,2028,1598.8758871257305,724929.9218597412,49.42106824409601,49.41636061284121
SLE,2029,1591.8048424571753,721266.6928639412,49.59834179571945,49.59143969403368
SLE,2030,1590.9512924924493,720661.3414106369,49.721327798301154,49.71323947430397
SLV,2020,89.8743663354544,51473.521110892296,4.466869128172035,4.4668801442321575
SLV,2021,73.89772625628393,42509.64680147171,45.96584460214422,46.0638907026214
SLV,2022,72.76320083846804,42088.92303431034,46.388767656220026,46.3407708374104
SLV,2023,72.94396439078264,42260.80271297693,46.45569237123929,46.39095731958812
SLV,2024,73.22244922665413,42435.706148803234,46.51011621413929,46.444295756249396
SLV,2025,73.5067001596326,42610.6401411891,46.567574073516326,46.5015900692055
SLV,2026,73.79125818738248,42785.5744279623,46.628935797236906,46.56283397004748
SLV,2027,74.07583164563403,42960.508717536926,46.694233275089935,46.628011977055436
SLV,2028,74.36040585034061,43135.44300711155,46.76345242052413,46.69710761773304
SLV,2029,74.64498009020463,43310.37729662657,46.836575963571775,46.77010352896842
SLV,2030,74.92955433181487,43485.311586141586,46.913585652636534,46.846981478814
SSD,2020,86.2270025452599,48684.95811623335,4.466927826491845,4.466898212171561
SSD,2021,99.4720800081268,55208.02141851187,46.171508389183764,46.171508389183764
SSD,2022,99.93401942192577,55443.37398838997,46.21664512818172,46.21664512818172
SSD,2023,100.39595883549191,55678.726558089256,46.26576109388148,46.26576109388148
SSD,2024,100.85789824929088,55914.079127788544,46.31884362766676,46.31884362766676
SSD,2025,101.31983766274061,56149.431697547436,46.37587910895778,46.37587910895778
SSD,2026,101.78177707642317,56384.784267127514,46.436852972322605,46.436852972322605
SSD,2027,102.24371648998931,56620.136836886406,46.5017497255086,46.5017497255086
SSD,2028,102.70565590378828,56855.48940652609,46.57055296872401,46.57055296872401
SSD,2029,103.16759531700518,57090.84197616577,46.643245414643964,46.643245414643964
SSD,2030,103.62953473080415,57326.19454592466,46.71980890932714,46.71980890932714
SUR,2020,11083.171084702015,9210446.58052063,4.473592513385255,4.464313528996057
SUR,2021,11351.595357447863,9398756.103126526,37.62320918078035,37.644398318084995
SUR,2022,10810.32568281889,8940867.727672577,39.561923504171695,39.595292033808846
SUR,2023,10192.811272852123,8418360.783882141,41.67452500407581,41.718342307606555
SUR,2024,9564.022601366043,7886969.975799561,43.742119283160086,43.791275644693734
SUR,2025,8977.723978869617,7392651.247173309,45.59086127263517,45.63895796695004
SUR,2026,8470.613715261221,6966513.007499695,47.12320815970974,47.16469711010567
SUR,2027,8060.880142837763,6623648.718444824,48.31631823075928,48.347775263661795
SUR,2028,7750.527900889516,6365263.466926575,49.200849291342976,49.22118041604748
SUR,2029,7529.98772803694,6182753.266654968,49.834647522105406,49.84454567422329
SUR,2030,7383.344335027039,6062261.962112427,50.281224782626154,50.282365116903186
SXM,2020,0.39079511538147926,147.72035790910013,0.4019030667943,46.594163262374565
SXM,2021,0.3896390534937382,148.0330321821384,0.4058978280529197,46.64507812118201
SXM,2022,0.38794080168008804,148.34570645540953,0.409092035669825,46.70004685486149
SXM,2023,0.3858662582933903,148.65838072821498,0.41145769962481293,46.75905516652442
SXM,2024,0.38376665115356445,148.97105500102043,0.41311710941217505,46.8220877833182
SXM,2025,0.3819454684853554,149.28372927382588,0.4142488097570954,46.88912847577814
SXM,2026,0.3805547505617142,149.59640354663134,0.41502301577794065,46.96016007799697
SXM,2027,0.379600465297699,149.90907781966962,0.4155739098084946,47.03516450900221
SXM,2028,0.37900057435035706,150.22175209247507,0.41599589511489227,47.11412279489412
SXM,2029,0.3786460757255554,150.53442636551335,0.4163500394286346,47.19701509185249
SXM,2030,0.37844033911824226,150.84710063855164,0.4166729512460932,47.28382070998919
TCA,2020,9.930249764234759,1862.0018053781241,2.78704902671139,4.466858571610164
TCA,2021,8.644125026883557,1522.851582834497,11.586332111758898,45.981645875341265
TCA,2022,8.455277187866159,1492.798383494839,12.064919251895539,46.43487697210359
TCA,2023,8.37499900185503,1492.0347173642367,12.152933412779095,46.50311634353344
TCA,2024,8.350169654469937,1493.6464298870414,12.171238914516946,46.55654416264535
TCA,2025,8.342971111298539,1495.40854498744,12.175781155994086,46.61283123185056
TCA,2026,8.340566687169485,1497.1792144402862,12.177210047033071,46.67302723290748
TCA,2027,8.339366812608205,1498.9503419846296,12.177909280959453,46.737177423605075
TCA,2028,8.338455455494113,1500.7214931286871,12.178439493957226,46.80526879849342
TCA,2029,8.337611024384387,1502.4926454499364,12.178931565083762,46.877284352242256
TCA,2030,8.336781763006002,1504.263797827065,12.179415458438333,46.95320603694722
TGO,2020,1.1416176173952408,348.70188139379025,4.466347092385088,4.477403138446937
TGO,2021,15.473090609855717,5213.694094389677,45.45450625366496,46.240047505966885
TGO,2022,17.644081505190115,5257.418975025415,46.31316052521041,46.2862119304887
TGO,2023,17.710749109450262,5301.143855705857,46.325401265657376,46.33635616996712
TGO,2024,17.719117322238162,5344.8687364012,46.3268787552378,46.39046731886641
TGO,2025,17.727343602251494,5388.593617066741,46.32833153217678,46.448531513216494
TGO,2026,17.735569851385662,5432.318497732282,46.32978498221811,46.510533947950734
TGO,2027,17.743796100490727,5476.043378427625,46.331239110846425,46.57645889531237
TGO,2028,17.752022349537583,5519.768259063363,46.332693917997844,46.64628972437702
TGO,2029,17.76024859867175,5563.493139714003,46.334149403608436,46.72000892110738
TGO,2030,17.768474847689504,5607.2180203944445,46.33560556762935,46.797598109794116
THA,2020,3577.2049251096323,1904328.668956995,4.466195178257477,4.467498884572314
THA,2021,4607.305917929392,2580913.5701565742,40.755215670545105,40.69583738107859
THA,2022,5219.996600897517,2951341.960156679,44.295848008611976,44.218626845427565
THA,2023,5632.681985523552,3214149.7686440945,46.64709562345304,46.5984880646519
THA,2024,5843.587402172387,3356100.713126421,47.738037225053766,47.72862356687248
THA,2025,5926.612998598255,3415484.089000225,48.156141264663205,48.17057770800877
THA,2026,5950.956876610871,3434280.7441864014,48.32451688435381,48.349156710201356
THA,2027,5954.834866504185,3437933.584991455,48.417731882293424,48.44596453429403
THA,2028,5953.1735963225365,3437199.6721696854,48.49341113470273,48.522678887512704
THA,2029,5950.337514728308,3435468.750527382,48.5681491433852,48.59764534399209
THA,2030,5947.305309816264,3433559.1087481976,48.64588169853041,48.6754088886928
TTO,2020,145.10969856625888,78900.68292844296,4.466750774074756,4.466898212171561
TTO,2021,126.72664092021296,72858.65182638168,45.951585432646354,46.171508389183764
TTO,2022,126.71749944187468,72950.34141373634,45.952679156583876,46.21664512818172
TTO,2023,126.70835796388565,73042.031001091,45.95377339552493,46.26576109388148
TTO,2024,126.69921648566378,73133.72058844566,45.95486814943271,46.31884362766676
TTO,2025,126.69007500761654,73225.41017591953,45.95596341825018,46.37587910895778
TTO,2026,126.68093352933647,73317.09976315498,45.95705920197597,46.436852972322605
TTO,2027,126.67179205111461,73408.78935050964,45.95815550054285,46.5017497255086
TTO,2028,126.6626505733002,73500.47893804312,45.959252313924125,46.57055296872401
TTO,2029,126.65350909507833,73592.16852545738,45.96034964208292,46.643245414643964
TTO,2030,126.64436761685647,73683.85811281204,45.96144748499757,46.71980890932714
TWN,2020,49.89551434479654,22939.065792560577,4.469622158425588,4.466870048575782
TWN,2021,301.6852347422391,176319.8362686634,46.055264948534344,46.04299870318769
TWN,2022,316.80160629656166,186080.8067290783,46.346551842930054,46.354158691794446
TWN,2023,316.1589032509364,185662.277841568,46.39623812650475,46.40394253327355
TWN,2024,315.48580409027636,185220.42080783844,46.44957757657564,46.45729536310855
TWN,2025,314.8127040229738,184778.5628478527,46.506881721764735,46.5146134423186
TWN,2026,314.1396039566025,184336.70488715172,46.56813593562729,46.57588214790554
TWN,2027,313.4665038920939,183894.8469274044,46.63332465255931,46.64108591098577
TWN,2028,312.7934038261883,183452.98896741867,46.70243139688566,46.71020825252325
TWN,2029,312.1203037593514,183011.13100671768,46.77543880294988,46.78323180334314
TWN,2030,311.4472036915831,182569.27304649353,46.852328636136114,46.86013832535661
TZA,2020,3457.9626399287954,1666711.7201440334,4.466009167094564,4.466648171993317
TZA,2021,2418.5667414180934,1117367.2467045784,42.06515616108264,43.17291204285885
TZA,2022,2139.781484613195,961557.8358411789,45.23405566339567,46.022738030050135
TZA,2023,1946.1605301676318,878991.2725801468,46.78166035416123,47.014954565394355
TZA,2024,1833.4704902181402,842719.6925930977,47.48415173286154,47.37167765239499
TZA,2025,1773.8289040587842,828579.7992734909,47.823799045228824,47.53291908310881
TZA,2026,1744.5095155732706,823864.5282123089,48.01193252511539,47.631937974999424
TZA,2027,1731.3189200442284,822915.0344793797,48.13588251250658,47.71143232240929
TZA,2028,1726.334374086,823410.6541609764,48.23278279398281,47.786274887378376
TZA,2029,1725.4006142895669,824445.5619568825,48.31917856438632,47.86187594195981
TZA,2030,1726.423157820478,825677.644497633,48.402694105093744,47.9402161878227
UGA,2020,3584.8249585879967,1731036.0526471138,4.466448878008444,4.466898212171561
UGA,2021,3645.0899292537943,1905845.526623249,44.39517336419627,46.171508389183764
UGA,2022,3641.6775862975046,1907644.6441583633,46.73506191279564,46.21664512818172
UGA,2023,3645.37114251405,1909443.7616944313,46.83206861054832,46.26576109388148
UGA,2024,3649.580440385267,1911242.879231453,46.88740504963164,46.31884362766676
UGA,2025,3653.803159609437,1913041.9967651367,46.94533996459023,46.37587910895778
UGA,2026,3658.0265774540603,1914841.114303112,47.007166570497425,46.436852972322605
UGA,2027,3662.2500340295956,1916640.231836319,47.07293887654267,46.5017497255086
UGA,2028,3666.4734926717356,1918439.3493742943,47.142644164164025,46.57055296872401
UGA,2029,3670.6969514181837,1920238.4669089317,47.21626521485785,46.643245414643964
UGA,2030,3674.9204101692885,1922037.5844449997,47.293783752284234,46.71980890932714
UMI,2020,16.837674302922096,0.0,29.182348602026117,0.011564088499650514
UMI,2021,16.845937414240325,0.0,29.18599767383215,0.012667147865953337
UMI,2022,16.85420052552945,0.0,29.18964809517405,0.013809060786225414
UMI,2023,16.86246363684768,0.0,29.193299865505683,0.01498493883864109
UMI,2024,16.870726748136804,0.0,29.196952984368732,0.016190790387854922
UMI,2025,16.87898985942593,0.0,29.200607451233154,0.01742331896558495
UMI,2026,16.887252970744157,0.0,29.204263265600876,0.018679475274948513
UMI,2027,16.89551608200418,0.0,29.207920426949972,0.019956851156500706
UMI,2028,16.903779193293303,0.0,29.211578934798446,0.021253033870215026
UMI,2029,16.912042304611532,0.0,29.215238788616542,0.022566113725469565
UMI,2030,16.92030541592976,0.0,29.21889998791442,0.023894337993050463
USA,2020,39.838750844821334,17205.837920725346,0.08347913781827145,4.466307915428629
USA,2021,56.82942853169516,27892.767016083002,41.54985680850777,43.806049518244485
USA,2022,64.34088533936301,30472.857934445143,45.85324681720122,46.31163523206455
USA,2023,67.09700064145727,31744.751410394907,46.76589152895727,47.00354833589681
USA,2024,68.37726710480638,32287.63384220004,47.05366298542936,47.22759186978239
USA,2025,68.92059188243002,32538.70770099759,47.1513413423175,47.33493652232153
USA,2026,69.1434163558879,32687.018848598003,47.18728850182881,47.411892668732655
USA,2027,69.23693920660298,32801.540084540844,47.20175248781343,47.48239957728232
USA,2028,69.28064100566553,32905.41646197438,47.208490234802255,47.55365332556781
USA,2029,69.30573354614899,33006.03624022007,47.21243465924925,47.627852302000015
USA,2030,69.32402915752027,33105.68074455857,47.215376315118846,47.70565390822125
VCT,2020,1.0755648389458656,923.6134364823811,1.5125340361290096,45.172294123526775
VCT,2021,1.7984512781258672,1082.4988142172806,1.9797304077850233,46.65014692487023
VCT,2022,2.0066042011603713,1122.3175004301593,2.107081945993654,46.88896272694783
VCT,2023,2.0369522622786462,1132.3523014881648,2.1283839985078727,46.972338127349715
VCT,2024,2.042736327275634,1136.4103247793391,2.134876618614779,47.03443579501768
VCT,2025,2.046896431595087,1139.3826269074343,2.1400375542326824,47.09614639748346
VCT,2026,2.05088865570724,1142.1686270614155,2.1453486771183092,47.161081199808514
VCT,2027,2.0547499116510153,1144.9238195824437,2.1509067754422975,47.229847337798844
VCT,2028,2.0584834930486977,1147.6740481182933,2.1567049436300723,47.302531668636526
VCT,2029,2.0620928681455553,1150.4234920330346,2.162732295842579,47.37913301415634
VCT,2030,2.0655814413912594,1153.1728137522005,2.1689780898153055,47.459635097310006
VEN,2020,53598.299579799175,29840715.822151184,4.46672955142428,4.473369709418775
VEN,2021,32926.87024503946,18051418.939971924,45.33426489209506,45.57671038646854
VEN,2022,29220.9902215451,16302621.248001099,46.52727443624691,46.49639341100289
VEN,2023,28579.09176056087,16083526.315605164,46.70047686025656,46.62093570151665
VEN,2024,28550.54070235789,16102446.156570435,46.771116690489315,46.68293893146325
VEN,2025,28622.184089943767,16151481.023094177,46.83129276495126,46.74152806030227
VEN,2026,28708.72029583156,16203979.182769775,46.893336549260404,46.80323482766699
VEN,2027,28797.35217511654,16256854.223197937,46.95903123154072,46.868794503918835
VEN,2028,28886.268577173352,16309768.823738098,47.02861614342383,46.93827334752563
VEN,2029,28975.22264429927,16362687.472618103,47.10210907912271,47.01166274610606
VEN,2030,29064.18160480261,16415606.528022766,47.17949647238225,47.08894532342224
VGB,2020,13.765324262785725,3491.150642722845,24.543165048010113,46.286385351357666
VGB,2021,14.324069024645723,3522.823253273964,24.75212947913122,46.33113644981885
VGB,2022,14.855935397034045,3554.495863817632,24.98216425729909,46.3799057821337
VGB,2023,15.358700667391531,3586.168474368751,25.233183185794672,46.432680686998566
VGB,2024,15.83037162560504,3617.8410849049687,25.50491028715686,46.489447522995825
VGB,2025,16.269199975708034,3649.5136954411864,25.796865951320175,46.55019168594657
VGB,2026,16.673692285025027,3681.1863059923053,26.108359628232595,46.614897627204954
VGB,2027,17.042617175495252,3712.858916513622,26.43848980183908,46.68354887307231
VGB,2028,17.375009736511856,3744.53152705729,26.786150946387252,46.75612804505637
VGB,2029,17.670173163875006,3776.204137586057,27.15004683806814,46.832616881178616
VGB,2030,17.927677675848827,3807.876748137176,27.528709339940697,46.91299625802192
VIR,2020,0.3428145474754274,55.10376604646444,4.242502517457184,4.466967473527357
VIR,2021,3.869367253733799,2724.456495203078,13.094497232294513,46.439203251378906
VIR,2022,4.715796889271587,2743.7556473501027,13.634273313593397,46.483988683942535
VIR,2023,4.755938973976299,2763.0547295846045,13.644727498289393,46.53277236837171
VIR,2024,4.759201108128764,2782.3538118191063,13.64549431359613,46.585541825375024
VIR,2025,4.761522925226018,2801.6528940573335,13.646032105938634,46.642283526881116
VIR,2026,4.7638039907906204,2820.9519762918353,13.646560222659408,46.70298299470913
VIR,2027,4.766083234688267,2840.2510585300624,13.6470881359486,46.76762481848623
VIR,2028,4.768362400121987,2859.5501407645643,13.647616270201535,46.83619267497174
VIR,2029,4.770641562296078,2878.849222999066,13.648144643646233,46.90866934770794
VIR,2030,4.772920724237338,2898.1483052372932,13.6486732570908,46.98503674805895
VNM,2020,32624.47136977315,23958554.342071533,4.466207083051782,4.466235093600151
VNM,2021,33943.97161141038,23682506.57597351,43.37258320583463,42.72253402472697
VNM,2022,34537.08277603984,23727321.879959106,46.12670832236799,45.74508970894505
VNM,2023,34842.78450670838,23774678.551986694,47.02078607429887,46.96442407104267
VNM,2024,34999.722252070904,23818993.841262817,47.33046689053103,47.44488738765981
VNM,2025,35093.064196527004,23860779.465270996,47.47156977185139,47.66397340010741
VNM,2026,35161.575639754534,23901134.089508057,47.56196400266206,47.789649352377296
VNM,2027,35220.8937189579,23940784.861572266,47.63777722041617,47.88142318876012
VNM,2028,35276.92487347126,23980113.819107056,47.71107977737302,47.96184657676615
VNM,2029,35331.80956661701,24019302.1091156,47.786053649972494,48.0399254045605
VNM,2030,35386.30168929696,24058430.760269165,47.8641459186429,48.119332999977004
VUT,2020,1667.6442124509485,1010060.9696558118,4.466898212171561,4.466898212171561
VUT,2021,287.87136529386044,169571.66412627697,46.171508389183764,46.171508389183764
VUT,2022,289.14234218676575,170350.08623439074,46.21664512818172,46.21664512818172
VUT,2023,290.41331907885615,171128.50834190845,46.26576109388148,46.26576109388148
VUT,2024,291.68429597106297,171906.93045020103,46.31884362766676,46.31884362766676
VUT,2025,292.9552728640847,172685.35255789757,46.37587910895778,46.37587910895778
VUT,2026,294.2262497561751,173463.77466636896,46.436852972322605,46.436852972322605
VUT,2027,295.4972266488476,174242.19677448273,46.5017497255086,46.5017497255086
VUT,2028,296.7682035414473,175020.61888185143,46.57055296872401,46.57055296872401
VUT,2029,298.0391804340761,175799.04099033773,46.643245414643964,46.643245414643964
VUT,2030,299.3101573268068,176577.4630983472,46.71980890932714,46.71980890932714
ZAF,2020,879.9206135666464,542993.2145040035,0.2478579624062186,4.465565629045386
ZAF,2021,632.4099494344555,446864.84761834145,45.32977780744707,41.20399842952191
ZAF,2022,592.3377646631561,405142.65110349655,46.40199724625856,44.387370862868806
ZAF,2023,586.9323309850879,375805.02454161644,46.55150675626398,46.30814409141244
ZAF,2024,587.741181709338,357100.12481856346,46.61781906308167,47.35248108308224
ZAF,2025,589.4583752865437,345909.64693021774,46.67726489349574,47.920615734334504
ZAF,2026,591.2963506414089,339564.41067767143,46.7392607958381,48.247367849466215
ZAF,2027,593.1495287194848,336180.35246920586,46.80503156940765,48.45309341304544
ZAF,2028,595.0045529368799,334543.4532465935,46.87471864765886,48.597839568781765
ZAF,2029,596.8597957389429,333912.07431674004,46.948323954522415,48.7120333046143
ZAF,2030,598.7150639398023,333848.75887846947,47.025831413009385,48.811522802966856
ZMB,2020,2142.202913241461,1009297.4457602501,4.465479901818189,4.465544512966378
ZMB,2021,1830.2944865580648,851932.7090024948,41.00153806871368,41.13283188192023
ZMB,2022,1662.4018916646019,771748.9457793236,44.16179010228713,44.30906700093246
ZMB,2023,1547.9347594617866,717473.5895552635,46.1541772833755,46.25586422033413
ZMB,2024,1475.4068322093226,683558.8909642696,47.28187918330074,47.329575470500124
ZMB,2025,1431.910521951504,663582.8269014359,47.914435946640616,47.91999106692723
ZMB,2026,1407.1955145867541,652483.0808253288,48.28465142147984,48.26156330104835
ZMB,2027,1394.1264014728367,646789.0738401413,48.5182717256142,48.476691504826675
ZMB,2028,1388.0718359854072,644288.8450067043,48.68060376799238,48.62730571220283
ZMB,2029,1386.15375438286,643634.5585570335,48.80578901112624,48.74513127110769
ZMB,2030,1386.6359631391242,644029.5895216465,48.91208851296526,48.84684813925192
ZWE,2020,37.91436795296613,21908.52082142234,4.469846930434373,4.46689703511714
ZWE,2021,42.65056452230783,26121.520595431328,45.84087604472508,46.12690126556314
ZWE,2022,43.03936154110124,26423.921518594027,46.09282587440858,46.28954058274521
ZWE,2023,43.04286198923364,26584.676023811102,46.0944394573882,46.34105192100283
ZWE,2024,43.045411448634695,26742.005091011524,46.09566977292496,46.394332690690085
ZWE,2025,43.04796086560236,26899.268523961306,46.09690064655949,46.451531314283216
ZWE,2026,43.05051028274465,27056.53082239628,46.09813209530857,46.51267482896117
ZWE,2027,43.053059699886944,27213.793102532625,46.0993641191059,46.577748424619905
ZWE,2028,43.05560911691282,27371.055382221937,46.10059671791547,46.6467356655389
ZWE,2029,43.05815853405511,27528.317662000656,46.10182989168108,46.7196192149509
ZWE,2030,43.0607079511974,27685.579941689968,46.103063640356574,46.796380867771276
