CountryCode,Year,TreeCoverLoss_ha
ABW,2021,0.0801838456911076
ABW,2022,-0.018593930891537963
ABW,2023,-0.11737170747418352
ABW,2024,-0.2161494840568291
ABW,2025,-0.3149272606394747
ABW,2026,-0.4137050372221202
ABW,2027,-0.5124828138047659
ABW,2028,-0.6112605903874113
ABW,2029,-0.710038366970057
ABW,2030,-0.8088161435527026
AFG,2021,-10.54058949930076
AFG,2022,-23.83440706457864
AFG,2023,-37.128224629856525
AFG,2024,-50.42204219513441
AFG,2025,-63.71585976041229
AFG,2026,-77.00967732569016
AFG,2027,-90.30349489096805
AFG,2028,-103.59731245624593
AFG,2029,-116.89113002152381
AFG,2030,-130.1849475868017
AGO,2021,264969.4516714784
AGO,2022,275410.726514855
AGO,2023,285852.00135823165
AGO,2024,296293.27620160824
AGO,2025,306734.5510449849
AGO,2026,317175.8258883615
AGO,2027,327617.10073173814
AGO,2028,338058.37557511474
AGO,2029,348499.6504184914
AGO,2030,358940.925261868
AIA,2021,0.11428531573320111
AIA,2022,-0.14542048765227483
AIA,2023,-0.4051262910377507
AIA,2024,-0.6648320944232267
AIA,2025,-0.9245378978087027
AIA,2026,-1.1842437011941784
AIA,2027,-1.4439495045796544
AIA,2028,-1.7036553079651304
AIA,2029,-1.9633611113506062
AIA,2030,-2.2230669147360826
ALA,2021,1044.7580325269143
ALA,2022,1082.3429162174284
ALA,2023,1119.9277999079422
ALA,2024,1157.5126835984563
ALA,2025,1195.0975672889704
ALA,2026,1232.6824509794842
ALA,2027,1270.2673346699983
ALA,2028,1307.852218360512
ALA,2029,1345.4371020510262
ALA,2030,1383.02198574154
ALB,2021,1645.417068347987
ALB,2022,1618.6707243193387
ALB,2023,1591.9243802906901
ALB,2024,1565.1780362620418
ALB,2025,1538.4316922333935
ALB,2026,1511.6853482047452
ALB,2027,1484.9390041760967
ALB,2028,1458.1926601474484
ALB,2029,1431.4463161188
ALB,2030,1404.6999720901517
AND,2021,9.876663620126886
AND,2022,10.263975396035596
AND,2023,10.651287171944304
AND,2024,11.038598947853012
AND,2025,11.42591072376172
AND,2026,11.813222499670431
AND,2027,12.20053427557914
AND,2028,12.587846051487848
AND,2029,12.975157827396558
AND,2030,13.362469603305266
ARG,2021,151935.15238493765
ARG,2022,135013.7164111227
ARG,2023,118092.28043730775
ARG,2024,101170.8444634928
ARG,2025,84249.40848967785
ARG,2026,67327.9725158629
ARG,2027,50406.53654204795
ARG,2028,33485.100568233
ARG,2029,16563.66459441805
ARG,2030,-357.77137939690147
ARM,2021,-5.031687324417092
ARM,2022,-15.474230553458467
ARM,2023,-25.91677378249984
ARM,2024,-36.359317011541215
ARM,2025,-46.80186024058259
ARM,2026,-57.24440346962396
ARM,2027,-67.68694669866534
ARM,2028,-78.12948992770671
ARM,2029,-88.57203315674809
ARM,2030,-99.01457638578947
ATG,2021,50.054732329717034
ATG,2022,51.14468081912793
ATG,2023,52.23462930853883
ATG,2024,53.32457779794973
ATG,2025,54.41452628736063
ATG,2026,55.50447477677153
ATG,2027,56.594423266182424
ATG,2028,57.684371755593325
ATG,2029,58.774320245004226
ATG,2030,59.86426873441512
AUS,2021,2921112.1538002593
AUS,2022,3486763.3198366663
AUS,2023,4052414.4858730733
AUS,2024,4618065.651909481
AUS,2025,5183716.817945888
AUS,2026,5749367.983982295
AUS,2027,6315019.150018702
AUS,2028,6880670.31605511
AUS,2029,7446321.482091517
AUS,2030,8011972.648127925
AUT,2021,29348.290508503065
AUT,2022,30724.409069392856
AUT,2023,32100.527630282642
AUT,2024,33476.64619117243
AUT,2025,34852.76475206222
AUT,2026,36228.883312952006
AUT,2027,37605.0018738418
AUT,2028,38981.12043473159
AUT,2029,40357.238995621374
AUT,2030,41733.35755651116
AZE,2021,-116.15074539788645
AZE,2022,-163.4227307817215
AZE,2023,-210.69471616555654
AZE,2024,-257.9667015493916
AZE,2025,-305.23868693322663
AZE,2026,-352.5106723170617
AZE,2027,-399.7826577008967
AZE,2028,-447.05464308473177
AZE,2029,-494.3266284685668
AZE,2030,-541.5986138524019
BDI,2021,2098.714718915672
BDI,2022,2156.1726566704406
BDI,2023,2213.630594425209
BDI,2024,2271.088532179977
BDI,2025,2328.5464699347453
BDI,2026,2386.0044076895138
BDI,2027,2443.4623454442817
BDI,2028,2500.92028319905
BDI,2029,2558.3782209538185
BDI,2030,2615.8361587085865
BEL,2021,5279.275833397038
BEL,2022,5400.264425173403
BEL,2023,5521.253016949767
BEL,2024,5642.241608726132
BEL,2025,5763.230200502497
BEL,2026,5884.218792278862
BEL,2027,6005.207384055227
BEL,2028,6126.195975831592
BEL,2029,6247.184567607956
BEL,2030,6368.173159384321
BEN,2021,926.5768169382825
BEN,2022,815.6932005716819
BEN,2023,704.8095842050814
BEN,2024,593.9259678384808
BEN,2025,483.04235147188035
BEN,2026,372.1587351052798
BEN,2027,261.2751187386792
BEN,2028,150.39150237207866
BEN,2029,39.5078860054781
BEN,2030,-71.37573036112235
BES,2021,3.374355445881159
BES,2022,3.3309528098895207
BES,2023,3.2875501738978827
BES,2024,3.2441475379062443
BES,2025,3.2007449019146064
BES,2026,3.157342265922968
BES,2027,3.11393962993133
BES,2028,3.0705369939396916
BES,2029,3.0271343579480536
BES,2030,2.9837317219564152
BFA,2021,-3.440502206879248
BFA,2022,-5.372949744626329
BFA,2023,-7.305397282373409
BFA,2024,-9.23784482012049
BFA,2025,-11.170292357867572
BFA,2026,-13.102739895614652
BFA,2027,-15.035187433361733
BFA,2028,-16.96763497110881
BFA,2029,-18.900082508855895
BFA,2030,-20.832530046602976
BGD,2021,22746.60478912451
BGD,2022,23786.276411745057
BGD,2023,24825.9480343656
BGD,2024,25865.619656986142
BGD,2025,26905.291279606685
BGD,2026,27944.962902227227
BGD,2027,28984.634524847774
BGD,2028,30024.306147468316
BGD,2029,31063.97777008886
BGD,2030,32103.649392709405
BGR,2021,6123.411141647285
BGR,2022,6086.539828238827
BGR,2023,6049.668514830368
BGR,2024,6012.797201421909
BGR,2025,5975.92588801345
BGR,2026,5939.054574604992
BGR,2027,5902.183261196533
BGR,2028,5865.311947788075
BGR,2029,5828.440634379615
BGR,2030,5791.569320971157
BHS,2021,2080.6025776960555
BHS,2022,2154.3122751436604
BHS,2023,2228.0219725912657
BHS,2024,2301.731670038871
BHS,2025,2375.441367486476
BHS,2026,2449.151064934081
BHS,2027,2522.860762381686
BHS,2028,2596.5704598292914
BHS,2029,2670.2801572768967
BHS,2030,2743.9898547245016
BIH,2021,1841.4449547432603
BIH,2022,1863.0094009265135
BIH,2023,1884.573847109767
BIH,2024,1906.1382932930203
BIH,2025,1927.7027394762738
BIH,2026,1949.267185659527
BIH,2027,1970.8316318427806
BIH,2028,1992.396078026034
BIH,2029,2013.9605242092873
BIH,2030,2035.5249703925408
BLM,2021,0.1648388653570272
BLM,2022,0.16361309048898526
BLM,2023,0.16238731562094336
BLM,2024,0.16116154075290146
BLM,2025,0.15993576588485953
BLM,2026,0.15870999101681763
BLM,2027,0.1574842161487757
BLM,2028,0.1562584412807338
BLM,2029,0.1550326664126919
BLM,2030,0.15380689154464997
BLR,2021,73175.35990130578
BLR,2022,74600.25584179396
BLR,2023,76025.15178228212
BLR,2024,77450.0477227703
BLR,2025,78874.94366325847
BLR,2026,80299.83960374664
BLR,2027,81724.73554423482
BLR,2028,83149.63148472298
BLR,2029,84574.52742521116
BLR,2030,85999.42336569933
BLZ,2021,20352.737243029333
BLZ,2022,21134.64687768118
BLZ,2023,21916.55651233303
BLZ,2024,22698.46614698488
BLZ,2025,23480.375781636725
BLZ,2026,24262.285416288574
BLZ,2027,25044.195050940423
BLZ,2028,25826.104685592272
BLZ,2029,26608.01432024412
BLZ,2030,27389.92395489597
BMU,2021,0.8714701373490867
BMU,2022,0.9227863087913993
BMU,2023,0.9741024802337119
BMU,2024,1.0254186516760246
BMU,2025,1.0767348231183373
BMU,2026,1.1280509945606498
BMU,2027,1.1793671660029625
BMU,2028,1.2306833374452752
BMU,2029,1.281999508887588
BMU,2030,1.3333156803299007
BOL,2021,552376.3400784199
BOL,2022,577122.6831690477
BOL,2023,601869.0262596754
BOL,2024,626615.3693503032
BOL,2025,651361.7124409309
BOL,2026,676108.0555315586
BOL,2027,700854.3986221864
BOL,2028,725600.7417128141
BOL,2029,750347.0848034418
BOL,2030,775093.4278940696
BRA,2021,3265817.5345912557
BRA,2022,3296526.923153641
BRA,2023,3327236.311716026
BRA,2024,3357945.7002784116
BRA,2025,3388655.0888407966
BRA,2026,3419364.477403182
BRA,2027,3450073.865965567
BRA,2028,3480783.2545279525
BRA,2029,3511492.6430903375
BRA,2030,3542202.031652723
BRB,2021,30.856447722204532
BRB,2022,31.90250389480547
BRB,2023,32.94856006740641
BRB,2024,33.99461624000735
BRB,2025,35.04067241260829
BRB,2026,36.08672858520923
BRB,2027,37.13278475781017
BRB,2028,38.17884093041111
BRB,2029,39.224897103012054
BRB,2030,40.27095327561299
BRN,2021,1687.5573866930547
BRN,2022,1716.5339850796377
BRN,2023,1745.5105834662206
BRN,2024,1774.4871818528036
BRN,2025,1803.4637802393868
BRN,2026,1832.4403786259695
BRN,2027,1861.4169770125527
BRN,2028,1890.3935753991357
BRN,2029,1919.3701737857186
BRN,2030,1948.3467721723016
BTN,2021,1418.936079026295
BTN,2022,1405.282049957621
BTN,2023,1391.628020888947
BTN,2024,1377.973991820273
BTN,2025,1364.3199627515994
BTN,2026,1350.6659336829255
BTN,2027,1337.0119046142515
BTN,2028,1323.3578755455776
BTN,2029,1309.7038464769037
BTN,2030,1296.0498174082297
BWA,2021,-10.544992855401286
BWA,2022,-14.267482300056525
BWA,2023,-17.989971744711763
BWA,2024,-21.712461189367
BWA,2025,-25.43495063402224
BWA,2026,-29.157440078677478
BWA,2027,-32.87992952333272
BWA,2028,-36.60241896798796
BWA,2029,-40.3249084126432
BWA,2030,-44.047397857298435
CAF,2021,57539.01635634978
CAF,2022,58462.634738172404
CAF,2023,59386.25311999503
CAF,2024,60309.87150181766
CAF,2025,61233.489883640286
CAF,2026,62157.10826546291
CAF,2027,63080.72664728555
CAF,2028,64004.345029108175
CAF,2029,64927.9634109308
CAF,2030,65851.58179275342
CAN,2021,2184684.5839158483
CAN,2022,2189432.17670762
CAN,2023,2194179.769499391
CAN,2024,2198927.3622911624
CAN,2025,2203674.9550829334
CAN,2026,2208422.547874705
CAN,2027,2213170.140666476
CAN,2028,2217917.7334582475
CAN,2029,2222665.3262500186
CAN,2030,2227412.9190417896
CHE,2021,3793.598663059507
CHE,2022,3906.5366848689255
CHE,2023,4019.474706678344
CHE,2024,4132.412728487762
CHE,2025,4245.350750297181
CHE,2026,4358.288772106599
CHE,2027,4471.226793916017
CHE,2028,4584.164815725435
CHE,2029,4697.102837534854
CHE,2030,4810.040859344272
CHL,2021,144123.99620499284
CHL,2022,147374.53597417346
CHL,2023,150625.0757433541
CHL,2024,153875.61551253474
CHL,2025,157126.1552817154
CHL,2026,160376.695050896
CHL,2027,163627.23482007664
CHL,2028,166877.7745892573
CHL,2029,170128.3143584379
CHL,2030,173378.85412761854
CHN,2021,431163.90081276826
CHN,2022,411542.88550344727
CHN,2023,391921.87019412627
CHN,2024,372300.8548848053
CHN,2025,352679.8395754843
CHN,2026,333058.8242661633
CHN,2027,313437.8089568423
CHN,2028,293816.7936475213
CHN,2029,274195.7783382003
CHN,2030,254574.76302887927
CIV,2021,288004.72395539295
CIV,2022,297685.84963895346
CIV,2023,307366.97532251396
CIV,2024,317048.10100607446
CIV,2025,326729.22668963496
CIV,2026,336410.35237319546
CIV,2027,346091.47805675596
CIV,2028,355772.60374031647
CIV,2029,365453.72942387697
CIV,2030,375134.85510743747
CMR,2021,185469.89314017288
CMR,2022,199134.66000505048
CMR,2023,212799.42686992808
CMR,2024,226464.19373480568
CMR,2025,240128.96059968328
CMR,2026,253793.72746456088
CMR,2027,267458.4943294385
CMR,2028,281123.2611943161
CMR,2029,294788.0280591937
CMR,2030,308452.7949240713
COD,2021,1356388.4267749167
COD,2022,1385816.4211530257
COD,2023,1415244.4155311347
COD,2024,1444672.4099092435
COD,2025,1474100.4042873525
COD,2026,1503528.3986654615
COD,2027,1532956.3930435705
COD,2028,1562384.3874216795
COD,2029,1591812.3817997884
COD,2030,1621240.3761778972
COG,2021,70568.45854370737
COG,2022,71586.39912035194
COG,2023,72604.33969699651
COG,2024,73622.28027364108
COG,2025,74640.22085028565
COG,2026,75658.16142693022
COG,2027,76676.1020035748
COG,2028,77694.04258021936
COG,2029,78711.98315686393
COG,2030,79729.9237335085
COL,2021,275048.6474092037
COL,2022,279210.45810240856
COL,2023,283372.2687956135
COL,2024,287534.0794888184
COL,2025,291695.89018202334
COL,2026,295857.70087522827
COL,2027,300019.51156843314
COL,2028,304181.32226163807
COL,2029,308343.132954843
COL,2030,312504.94364804786
COM,2021,277.7276195707998
COM,2022,289.9435161550623
COM,2023,302.15941273932475
COM,2024,314.3753093235872
COM,2025,326.59120590784966
COM,2026,338.8071024921121
COM,2027,351.0229990763746
COM,2028,363.23889566063707
COM,2029,375.4547922448995
COM,2030,387.67068882916203
CPV,2021,4.44056231749954
CPV,2022,4.18862096222049
CPV,2023,3.9366796069414405
CPV,2024,3.6847382516623908
CPV,2025,3.4327968963833406
CPV,2026,3.1808555411042905
CPV,2027,2.9289141858252403
CPV,2028,2.6769728305461906
CPV,2029,2.4250314752671405
CPV,2030,2.1730901199880908
CRI,2021,11449.943973242493
CRI,2022,11350.270174563191
CRI,2023,11250.59637588389
CRI,2024,11150.922577204588
CRI,2025,11051.248778525287
CRI,2026,10951.574979845986
CRI,2027,10851.901181166684
CRI,2028,10752.227382487383
CRI,2029,10652.553583808081
CRI,2030,10552.87978512878
CUB,2021,19064.90272374767
CUB,2022,18613.78247464119
CUB,2023,18162.66222553471
CUB,2024,17711.541976428234
CUB,2025,17260.421727321755
CUB,2026,16809.301478215275
CUB,2027,16358.181229108795
CUB,2028,15907.060980002316
CUB,2029,15455.940730895836
CUB,2030,15004.820481789357
CUW,2021,2.0115081182168675
CUW,2022,2.066888530286001
CUW,2023,2.122268942355134
CUW,2024,2.1776493544242674
CUW,2025,2.233029766493401
CUW,2026,2.2884101785625344
CUW,2027,2.3437905906316674
CUW,2028,2.399171002700801
CUW,2029,2.4545514147699343
CUW,2030,2.509931826839068
CYM,2021,33.62488934602946
CYM,2022,34.41293025399935
CYM,2023,35.20097116196923
CYM,2024,35.98901206993911
CYM,2025,36.777052977908994
CYM,2026,37.56509388587887
CYM,2027,38.35313479384875
CYM,2028,39.14117570181863
CYM,2029,39.92921660978852
CYM,2030,40.7172575177584
CYP,2021,189.61531655603673
CYP,2022,195.3475437049591
CYP,2023,201.07977085388146
CYP,2024,206.81199800280382
CYP,2025,212.5442251517262
CYP,2026,218.27645230064854
CYP,2027,224.00867944957093
CYP,2028,229.7409065984933
CYP,2029,235.47313374741566
CYP,2030,241.20536089633802
CZE,2021,125937.52335964121
CZE,2022,154800.32480136887
CZE,2023,183663.12624309654
CZE,2024,212525.92768482422
CZE,2025,241388.7291265519
CZE,2026,270251.53056827956
CZE,2027,299114.33201000723
CZE,2028,327977.1334517349
CZE,2029,356839.9348934626
CZE,2030,385702.7363351902
DEU,2021,228015.17296727435
DEU,2022,289054.70912586845
DEU,2023,350094.2452844626
DEU,2024,411133.78144305665
DEU,2025,472173.3176016508
DEU,2026,533212.8537602449
DEU,2027,594252.389918839
DEU,2028,655291.9260774332
DEU,2029,716331.4622360272
DEU,2030,777370.9983946213
DMA,2021,3806.384540019527
DMA,2022,3989.9508936004436
DMA,2023,4173.51724718136
DMA,2024,4357.0836007622775
DMA,2025,4540.649954343194
DMA,2026,4724.216307924111
DMA,2027,4907.782661505027
DMA,2028,5091.349015085944
DMA,2029,5274.915368666861
DMA,2030,5458.481722247778
DNK,2021,5037.891078696446
DNK,2022,5118.174333180616
DNK,2023,5198.457587664785
DNK,2024,5278.740842148954
DNK,2025,5359.024096633123
DNK,2026,5439.3073511172925
DNK,2027,5519.590605601462
DNK,2028,5599.873860085631
DNK,2029,5680.157114569801
DNK,2030,5760.440369053969
DOM,2021,21782.183647683465
DOM,2022,22222.63899936687
DOM,2023,22663.094351050277
DOM,2024,23103.54970273368
DOM,2025,23544.005054417084
DOM,2026,23984.46040610049
DOM,2027,24424.915757783896
DOM,2028,24865.3711094673
DOM,2029,25305.826461150704
DOM,2030,25746.28181283411
DZA,2021,11660.987710751246
DZA,2022,12076.555301880926
DZA,2023,12492.122893010604
DZA,2024,12907.690484140285
DZA,2025,13323.258075269963
DZA,2026,13738.825666399644
DZA,2027,14154.393257529322
DZA,2028,14569.960848659
DZA,2029,14985.52843978868
DZA,2030,15401.096030918361
ECU,2021,49821.72540309355
ECU,2022,49759.76963710056
ECU,2023,49697.81387110756
ECU,2024,49635.85810511457
ECU,2025,49573.902339121574
ECU,2026,49511.94657312858
ECU,2027,49449.99080713559
ECU,2028,49388.03504114259
ECU,2029,49326.0792751496
ECU,2030,49264.123509156605
EGY,2021,68.84299836915503
EGY,2022,67.10319052912736
EGY,2023,65.36338268909971
EGY,2024,63.62357484907204
EGY,2025,61.883767009044384
EGY,2026,60.143959169016725
EGY,2027,58.404151328989066
EGY,2028,56.66434348896141
EGY,2029,54.92453564893375
EGY,2030,53.18472780890609
ESP,2021,100477.91554486143
ESP,2022,103666.00886092744
ESP,2023,106854.10217699345
ESP,2024,110042.19549305945
ESP,2025,113230.28880912546
ESP,2026,116418.38212519145
ESP,2027,119606.47544125747
ESP,2028,122794.56875732346
ESP,2029,125982.66207338948
ESP,2030,129170.75538945547
EST,2021,41795.195721731965
EST,2022,43114.78035853963
EST,2023,44434.36499534731
EST,2024,45753.949632154974
EST,2025,47073.53426896264
EST,2026,48393.11890577031
EST,2027,49712.703542577976
EST,2028,51032.28817938565
EST,2029,52351.87281619332
EST,2030,53671.457453000985
ETH,2021,23019.92621476952
ETH,2022,22205.414815877062
ETH,2023,21390.90341698461
ETH,2024,20576.392018092152
ETH,2025,19761.8806191997
ETH,2026,18947.369220307242
ETH,2027,18132.85782141479
ETH,2028,17318.346422522336
ETH,2029,16503.83502362988
ETH,2030,15689.323624737424
FIN,2021,249126.66874612766
FIN,2022,254618.37025175124
FIN,2023,260110.07175737486
FIN,2024,265601.77326299844
FIN,2025,271093.474768622
FIN,2026,276585.17627424566
FIN,2027,282076.87777986925
FIN,2028,287568.57928549283
FIN,2029,293060.2807911164
FIN,2030,298551.98229674005
FJI,2021,3302.528473876667
FJI,2022,3412.551196081816
FJI,2023,3522.5739182869656
FJI,2024,3632.5966404921146
FJI,2025,3742.6193626972645
FJI,2026,3852.6420849024134
FJI,2027,3962.664807107563
FJI,2028,4072.6875293127123
FJI,2029,4182.710251517861
FJI,2030,4292.732973723011
FRA,2021,83271.51482500993
FRA,2022,87188.43367390742
FRA,2023,91105.35252280491
FRA,2024,95022.2713717024
FRA,2025,98939.19022059988
FRA,2026,102856.10906949738
FRA,2027,106773.02791839486
FRA,2028,110689.94676729235
FRA,2029,114606.86561618984
FRA,2030,118523.78446508733
GAB,2021,25868.42734925539
GAB,2022,25959.605110482295
GAB,2023,26050.782871709194
GAB,2024,26141.960632936098
GAB,2025,26233.138394162997
GAB,2026,26324.3161553899
GAB,2027,26415.4939166168
GAB,2028,26506.6716778437
GAB,2029,26597.849439070604
GAB,2030,26689.027200297503
GBR,2021,27719.8804602497
GBR,2022,27389.925622328068
GBR,2023,27059.97078440644
GBR,2024,26730.01594648481
GBR,2025,26400.06110856318
GBR,2026,26070.10627064155
GBR,2027,25740.151432719922
GBR,2028,25410.19659479829
GBR,2029,25080.24175687666
GBR,2030,24750.286918955033
GEO,2021,115.17876582787116
GEO,2022,75.88224139243441
GEO,2023,36.58571695699766
GEO,2024,-2.710807478439108
GEO,2025,-42.00733191387587
GEO,2026,-81.30385634931261
GEO,2027,-120.60038078474938
GEO,2028,-159.89690522018614
GEO,2029,-199.1934296556229
GEO,2030,-238.48995409105967
GGY,2021,0.1071269838177137
GGY,2022,0.08207643174891052
GGY,2023,0.05702587968010736
GGY,2024,0.031975327611304186
GGY,2025,0.0069247755425010105
GGY,2026,-0.01812577652630215
GGY,2027,-0.04317632859510534
GGY,2028,-0.0682268806639085
GGY,2029,-0.09327743273271166
GGY,2030,-0.11832798480151485
GHA,2021,147110.82225210106
GHA,2022,156194.20598949262
GHA,2023,165277.58972688418
GHA,2024,174360.97346427574
GHA,2025,183444.3572016673
GHA,2026,192527.7409390589
GHA,2027,201611.12467645045
GHA,2028,210694.508413842
GHA,2029,219777.89215123357
GHA,2030,228861.27588862512
GIB,2021,-1.583180672697776e-05
GIB,2022,-0.06244948330923538
GIB,2023,-0.12488313481174379
GIB,2024,-0.1873167863142522
GIB,2025,-0.2497504378167606
GIB,2026,-0.312184089319269
GIB,2027,-0.3746177408217774
GIB,2028,-0.4370513923242858
GIB,2029,-0.49948504382679415
GIB,2030,-0.5619186953293026
GIN,2021,183564.3541289855
GIN,2022,186859.6513175321
GIN,2023,190154.94850607865
GIN,2024,193450.24569462525
GIN,2025,196745.54288317182
GIN,2026,200040.84007171838
GIN,2027,203336.13726026498
GIN,2028,206631.43444881155
GIN,2029,209926.73163735814
GIN,2030,213222.0288259047
GLP,2021,75.84621691408874
GLP,2022,70.54249422214987
GLP,2023,65.23877153021098
GLP,2024,59.935048838272095
GLP,2025,54.631326146333215
GLP,2026,49.327603454394335
GLP,2027,44.02388076245545
GLP,2028,38.72015807051657
GLP,2029,33.41643537857769
GLP,2030,28.1127126866388
GMB,2021,13.406839884913351
GMB,2022,11.488420919540296
GMB,2023,9.570001954167243
GMB,2024,7.651582988794187
GMB,2025,5.733164023421132
GMB,2026,3.8147450580480786
GMB,2027,1.8963260926750234
GMB,2028,-0.02209287269803184
GMB,2029,-1.9405118380710853
GMB,2030,-3.8589308034441423
GNB,2021,18082.253317184284
GNB,2022,18946.665172486915
GNB,2023,19811.07702778955
GNB,2024,20675.488883092185
GNB,2025,21539.90073839482
GNB,2026,22404.312593697454
GNB,2027,23268.724449000085
GNB,2028,24133.13630430272
GNB,2029,24997.548159605354
GNB,2030,25861.960014907985
GNQ,2021,11239.2655486752
GNQ,2022,11729.329419645766
GNQ,2023,12219.393290616335
GNQ,2024,12709.457161586903
GNQ,2025,13199.521032557472
GNQ,2026,13689.58490352804
GNQ,2027,14179.648774498608
GNQ,2028,14669.712645469177
GNQ,2029,15159.776516439746
GNQ,2030,15649.840387410313
GRC,2021,6494.171422241327
GRC,2022,6458.245163661773
GRC,2023,6422.31890508222
GRC,2024,6386.392646502667
GRC,2025,6350.466387923114
GRC,2026,6314.540129343561
GRC,2027,6278.6138707640075
GRC,2028,6242.687612184453
GRC,2029,6206.7613536049
GRC,2030,6170.835095025347
GRD,2021,15.719960317542064
GRD,2022,9.087622479192452
GRD,2023,2.455284640842841
GRD,2024,-4.177053197506773
GRD,2025,-10.809391035856383
GRD,2026,-17.441728874205996
GRD,2027,-24.07406671255561
GRD,2028,-30.706404550905223
GRD,2029,-37.33874238925483
GRD,2030,-43.971080227604446
GTM,2021,107290.20531251466
GTM,2022,109308.72355720522
GTM,2023,111327.24180189575
GTM,2024,113345.76004658629
GTM,2025,115364.27829127685
GTM,2026,117382.79653596738
GTM,2027,119401.31478065792
GTM,2028,121419.83302534847
GTM,2029,123438.35127003901
GTM,2030,125456.86951472955
GUF,2021,4821.790081348238
GUF,2022,4922.552059128476
GUF,2023,5023.314036908713
GUF,2024,5124.076014688951
GUF,2025,5224.837992469188
GUF,2026,5325.5999702494255
GUF,2027,5426.361948029663
GUF,2028,5527.1239258099
GUF,2029,5627.885903590138
GUF,2030,5728.647881370375
GUY,2021,19449.59865921022
GUY,2022,20245.853417397037
GUY,2023,21042.108175583857
GUY,2024,21838.362933770677
GUY,2025,22634.617691957497
GUY,2026,23430.872450144314
GUY,2027,24227.127208331134
GUY,2028,25023.381966517954
GUY,2029,25819.636724704775
GUY,2030,26615.89148289159
HKG,2021,71.1140215359895
HKG,2022,74.68565395835573
HKG,2023,78.25728638072196
HKG,2024,81.82891880308821
HKG,2025,85.40055122545445
HKG,2026,88.97218364782069
HKG,2027,92.54381607018692
HKG,2028,96.11544849255316
HKG,2029,99.68708091491939
HKG,2030,103.25871333728563
HND,2021,92722.2746122552
HND,2022,94365.31856145615
HND,2023,96008.36251065708
HND,2024,97651.40645985802
HND,2025,99294.45040905895
HND,2026,100937.4943582599
HND,2027,102580.53830746083
HND,2028,104223.58225666176
HND,2029,105866.62620586269
HND,2030,107509.67015506364
HRV,2021,6593.412233678923
HRV,2022,6949.404292348442
HRV,2023,7305.39635101796
HRV,2024,7661.388409687478
HRV,2025,8017.380468356996
HRV,2026,8373.372527026515
HRV,2027,8729.364585696032
HRV,2028,9085.35664436555
HRV,2029,9441.34870303507
HRV,2030,9797.340761704589
HTI,2021,5964.186324193517
HTI,2022,6169.042905452291
HTI,2023,6373.899486711065
HTI,2024,6578.756067969839
HTI,2025,6783.612649228613
HTI,2026,6988.469230487386
HTI,2027,7193.325811746161
HTI,2028,7398.182393004934
HTI,2029,7603.038974263709
HTI,2030,7807.895555522482
HUN,2021,14319.60543363587
HUN,2022,14657.018363278148
HUN,2023,14994.431292920424
HUN,2024,15331.844222562702
HUN,2025,15669.25715220498
HUN,2026,16006.670081847256
HUN,2027,16344.083011489534
HUN,2028,16681.495941131812
HUN,2029,17018.90887077409
HUN,2030,17356.32180041637
IDN,2021,1044739.1558352795
IDN,2022,890599.0387699163
IDN,2023,736458.9217045531
IDN,2024,582318.8046391897
IDN,2025,428178.6875738264
IDN,2026,274038.5705084632
IDN,2027,119898.45344309998
IDN,2028,-34241.66362226335
IDN,2029,-188381.78068762668
IDN,2030,-342521.89775299
IMN,2021,13.33487869384326
IMN,2022,13.320235129446997
IMN,2023,13.305591565050733
IMN,2024,13.29094800065447
IMN,2025,13.276304436258208
IMN,2026,13.261660871861945
IMN,2027,13.247017307465683
IMN,2028,13.23237374306942
IMN,2029,13.217730178673156
IMN,2030,13.203086614276893
IND,2021,138801.7206503226
IND,2022,140498.72119258533
IND,2023,142195.7217348481
IND,2024,143892.72227711085
IND,2025,145589.72281937362
IND,2026,147286.72336163637
IND,2027,148983.72390389914
IND,2028,150680.72444616188
IND,2029,152377.72498842466
IND,2030,154074.7255306874
IRL,2021,6425.493575452803
IRL,2022,6407.866954112861
IRL,2023,6390.240332772919
IRL,2024,6372.613711432976
IRL,2025,6354.987090093034
IRL,2026,6337.3604687530915
IRL,2027,6319.733847413149
IRL,2028,6302.107226073207
IRL,2029,6284.480604733265
IRL,2030,6266.853983393323
IRN,2021,20.139490801099544
IRN,2022,1.7748045362912492
IRN,2023,-16.589881728517042
IRN,2024,-34.95456799332534
IRN,2025,-53.31925425813364
IRN,2026,-71.68394052294192
IRN,2027,-90.04862678775024
IRN,2028,-108.41331305255852
IRN,2029,-126.7779993173668
IRN,2030,-145.14268558217512
IRQ,2021,0.49372883913687415
IRQ,2022,-0.3455989280324896
IRQ,2023,-1.1849266952018536
IRQ,2024,-2.024254462371217
IRQ,2025,-2.8635822295405804
IRQ,2026,-3.702909996709945
IRQ,2027,-4.542237763879308
IRQ,2028,-5.381565531048672
IRQ,2029,-6.220893298218035
IRQ,2030,-7.060221065387399
ISR,2021,127.80821152818932
ISR,2022,128.60961239885063
ISR,2023,129.41101326951195
ISR,2024,130.21241414017328
ISR,2025,131.0138150108346
ISR,2026,131.81521588149593
ISR,2027,132.61661675215723
ISR,2028,133.41801762281855
ISR,2029,134.21941849347988
ISR,2030,135.0208193641412
ITA,2021,41086.525434518146
ITA,2022,42834.07246232982
ITA,2023,44581.6194901415
ITA,2024,46329.166517953185
ITA,2025,48076.71354576487
ITA,2026,49824.26057357655
ITA,2027,51571.807601388224
ITA,2028,53319.35462919991
ITA,2029,55066.90165701159
ITA,2030,56814.44868482327
JAM,2021,2361.941532451011
JAM,2022,2355.9991439994274
JAM,2023,2350.0567555478437
JAM,2024,2344.11436709626
JAM,2025,2338.1719786446765
JAM,2026,2332.229590193093
JAM,2027,2326.2872017415093
JAM,2028,2320.3448132899257
JAM,2029,2314.402424838342
JAM,2030,2308.4600363867585
JEY,2021,0.9124697848607156
JEY,2022,0.7847939877942565
JEY,2023,0.6571181907277972
JEY,2024,0.529442393661338
JEY,2025,0.4017665965948789
JEY,2026,0.27409079952841964
JEY,2027,0.1464150024619605
JEY,2028,0.018739205395501335
JEY,2029,-0.10893659167095793
JEY,2030,-0.23661238873741697
JOR,2021,0.4813787828685066
JOR,2022,0.47405633119622215
JOR,2023,0.46673387952393774
JOR,2024,0.4594114278516533
JOR,2025,0.45208897617936883
JOR,2026,0.44476652450708437
JOR,2027,0.43744407283479997
JOR,2028,0.4301216211625155
JOR,2029,0.42279916949023105
JOR,2030,0.4154767178179466
JPN,2021,52866.854759716305
JPN,2022,54937.99211761969
JPN,2023,57009.12947552306
JPN,2024,59080.266833426445
JPN,2025,61151.40419132982
JPN,2026,63222.541549233196
JPN,2027,65293.67890713658
JPN,2028,67364.81626503996
JPN,2029,69435.95362294333
JPN,2030,71507.09098084671
KAZ,2021,1405.8806160910585
KAZ,2022,1290.4392243736793
KAZ,2023,1174.9978326562998
KAZ,2024,1059.5564409389206
KAZ,2025,944.1150492215413
KAZ,2026,828.673657504162
KAZ,2027,713.2322657867826
KAZ,2028,597.7908740694033
KAZ,2029,482.3494823520241
KAZ,2030,366.90809063464485
KEN,2021,17721.713591850752
KEN,2022,17702.23325978179
KEN,2023,17682.752927712834
KEN,2024,17663.272595643877
KEN,2025,17643.79226357492
KEN,2026,17624.31193150596
KEN,2027,17604.831599437002
KEN,2028,17585.351267368045
KEN,2029,17565.870935299085
KEN,2030,17546.390603230127
KGZ,2021,-48.64845651289626
KGZ,2022,-66.21695601886425
KGZ,2023,-83.78545552483226
KGZ,2024,-101.35395503080025
KGZ,2025,-118.92245453676824
KGZ,2026,-136.49095404273626
KGZ,2027,-154.05945354870425
KGZ,2028,-171.62795305467225
KGZ,2029,-189.19645256064024
KGZ,2030,-206.76495206660823
KHM,2021,153816.85843576834
KHM,2022,163048.89935048352
KHM,2023,172280.9402651987
KHM,2024,181512.9811799139
KHM,2025,190745.02209462912
KHM,2026,199977.0630093443
KHM,2027,209209.10392405948
KHM,2028,218441.1448387747
KHM,2029,227673.1857534899
KHM,2030,236905.22666820508
KNA,2021,-0.3307400351226799
KNA,2022,-1.8790757458945104
KNA,2023,-3.427411456666341
KNA,2024,-4.975747167438172
KNA,2025,-6.524082878210002
KNA,2026,-8.072418588981833
KNA,2027,-9.620754299753663
KNA,2028,-11.169090010525494
KNA,2029,-12.717425721297325
KNA,2030,-14.265761432069155
KOR,2021,22969.15278208981
KOR,2022,23855.040427530184
KOR,2023,24740.92807297056
KOR,2024,25626.815718410937
KOR,2025,26512.70336385131
KOR,2026,27398.591009291686
KOR,2027,28284.478654732062
KOR,2028,29170.366300172434
KOR,2029,30056.253945612807
KOR,2030,30942.141591053183
LAO,2021,372822.3579262852
LAO,2022,385141.68096660805
LAO,2023,397461.0040069309
LAO,2024,409780.32704725384
LAO,2025,422099.6500875767
LAO,2026,434418.9731278996
LAO,2027,446738.29616822244
LAO,2028,459057.6192085453
LAO,2029,471376.9422488682
LAO,2030,483696.26528919104
LBN,2021,423.19489086246534
LBN,2022,435.80398127714494
LBN,2023,448.4130716918245
LBN,2024,461.022162106504
LBN,2025,473.6312525211836
LBN,2026,486.24034293586317
LBN,2027,498.84943335054277
LBN,2028,511.4585237652223
LBN,2029,524.0676141799019
LBN,2030,536.6767045945815
LBR,2021,221690.98714366788
LBR,2022,228654.103007809
LBR,2023,235617.2188719501
LBR,2024,242580.33473609123
LBR,2025,249543.45060023235
LBR,2026,256506.5664643735
LBR,2027,263469.6823285146
LBR,2028,270432.7981926557
LBR,2029,277395.9140567968
LBR,2030,284359.02992093796
LBY,2021,3.4437244014028687
LBY,2022,2.47096182361358
LBY,2023,1.4981992458242912
LBY,2024,0.5254366680350024
LBY,2025,-0.4473259097542863
LBY,2026,-1.420088487543575
LBY,2027,-2.392851065332864
LBY,2028,-3.3656136431221526
LBY,2029,-4.338376220911442
LBY,2030,-5.31113879870073
LCA,2021,56.70236318129367
LCA,2022,57.27784400391357
LCA,2023,57.85332482653347
LCA,2024,58.428805649153375
LCA,2025,59.00428647177328
LCA,2026,59.57976729439318
LCA,2027,60.15524811701307
LCA,2028,60.730728939632975
LCA,2029,61.30620976225288
LCA,2030,61.88169058487278
LIE,2021,5.719645389135525
LIE,2022,5.685254943837496
LIE,2023,5.650864498539467
LIE,2024,5.616474053241438
LIE,2025,5.582083607943409
LIE,2026,5.5476931626453805
LIE,2027,5.513302717347352
LIE,2028,5.478912272049323
LIE,2029,5.444521826751294
LIE,2030,5.410131381453265
LKA,2021,13094.92151367899
LKA,2022,13091.063362349012
LKA,2023,13087.205211019034
LKA,2024,13083.347059689055
LKA,2025,13079.488908359077
LKA,2026,13075.6307570291
LKA,2027,13071.772605699121
LKA,2028,13067.914454369144
LKA,2029,13064.056303039166
LKA,2030,13060.198151709186
LSO,2021,11.65591840168959
LSO,2022,12.211061804201318
LSO,2023,12.766205206713046
LSO,2024,13.321348609224772
LSO,2025,13.876492011736499
LSO,2026,14.431635414248227
LSO,2027,14.986778816759955
LSO,2028,15.541922219271681
LSO,2029,16.097065621783408
LSO,2030,16.652209024295136
LTU,2021,24706.985454248552
LTU,2022,25485.77880508646
LTU,2023,26264.57215592436
LTU,2024,27043.365506762268
LTU,2025,27822.15885760017
LTU,2026,28600.952208438073
LTU,2027,29379.74555927598
LTU,2028,30158.538910113883
LTU,2029,30937.33226095179
LTU,2030,31716.125611789692
LUX,2021,564.3170422861123
LUX,2022,579.929244218069
LUX,2023,595.5414461500259
LUX,2024,611.1536480819826
LUX,2025,626.7658500139394
LUX,2026,642.3780519458961
LUX,2027,657.9902538778529
LUX,2028,673.6024558098097
LUX,2029,689.2146577417665
LUX,2030,704.8268596737232
LVA,2021,53578.71316813865
LVA,2022,55439.43126890016
LVA,2023,57300.14936966166
LVA,2024,59160.86747042317
LVA,2025,61021.58557118467
LVA,2026,62882.30367194617
LVA,2027,64743.02177270767
LVA,2028,66603.73987346917
LVA,2029,68464.45797423068
LVA,2030,70325.17607499218
MAC,2021,1.2441834564627066
MAC,2022,1.1784607818622443
MAC,2023,1.1127381072617823
MAC,2024,1.0470154326613201
MAC,2025,0.9812927580608579
MAC,2026,0.9155700834603957
MAC,2027,0.8498474088599335
MAC,2028,0.7841247342594714
MAC,2029,0.7184020596590092
MAC,2030,0.6526793850585471
MAF,2021,2.1474461057102436
MAF,2022,2.0648860327321916
MAF,2023,1.9823259597541396
MAF,2024,1.8997658867760874
MAF,2025,1.8172058137980354
MAF,2026,1.7346457408199834
MAF,2027,1.6520856678419311
MAF,2028,1.569525594863879
MAF,2029,1.486965521885827
MAF,2030,1.404405448907775
MAR,2021,1779.2521487438623
MAR,2022,1778.2058017687455
MAR,2023,1777.1594547936286
MAR,2024,1776.1131078185117
MAR,2025,1775.0667608433946
MAR,2026,1774.0204138682777
MAR,2027,1772.9740668931609
MAR,2028,1771.927719918044
MAR,2029,1770.881372942927
MAR,2030,1769.8350259678102
MDA,2021,1159.6995959218289
MDA,2022,1247.3433259514454
MDA,2023,1334.987055981062
MDA,2024,1422.6307860106785
MDA,2025,1510.274516040295
MDA,2026,1597.9182460699117
MDA,2027,1685.5619760995282
MDA,2028,1773.2057061291448
MDA,2029,1860.8494361587614
MDA,2030,1948.493166188378
MDG,2021,258224.29243318064
MDG,2022,264331.68312925566
MDG,2023,270439.07382533065
MDG,2024,276546.4645214057
MDG,2025,282653.8552174807
MDG,2026,288761.24591355573
MDG,2027,294868.6366096307
MDG,2028,300976.0273057057
MDG,2029,307083.41800178075
MDG,2030,313190.80869785574
MDV,2021,5.0344029725588095
MDV,2022,5.109659307716615
MDV,2023,5.184915642874419
MDV,2024,5.260171978032224
MDV,2025,5.335428313190028
MDV,2026,5.410684648347833
MDV,2027,5.485940983505637
MDV,2028,5.561197318663442
MDV,2029,5.636453653821246
MDV,2030,5.711709988979051
MEX,2021,285874.2121570523
MEX,2022,292512.46114623133
MEX,2023,299150.7101354103
MEX,2024,305788.95912458934
MEX,2025,312427.2081137683
MEX,2026,319065.4571029473
MEX,2027,325703.7060921263
MEX,2028,332341.9550813053
MEX,2029,338980.20407048427
MEX,2030,345618.4530596633
MKD,2021,1832.9719770227698
MKD,2022,1853.249968391089
MKD,2023,1873.5279597594083
MKD,2024,1893.8059511277274
MKD,2025,1914.0839424960468
MKD,2026,1934.3619338643662
MKD,2027,1954.6399252326853
MKD,2028,1974.9179166010047
MKD,2029,1995.195907969324
MKD,2030,2015.4738993376432
MLI,2021,240.70670322544035
MLI,2022,245.9819250593946
MLI,2023,251.25714689334887
MLI,2024,256.5323687273031
MLI,2025,261.80759056125737
MLI,2026,267.0828123952116
MLI,2027,272.35803422916587
MLI,2028,277.63325606312014
MLI,2029,282.90847789707436
MLI,2030,288.18369973102864
MLT,2021,0.2333430588210192
MLT,2022,0.12842431828987136
MLT,2023,0.023505577758723528
MLT,2024,-0.08141316277242427
MLT,2025,-0.18633190330357213
MLT,2026,-0.29125064383471994
MLT,2027,-0.39616938436586774
MLT,2028,-0.5010881248970156
MLT,2029,-0.6060068654281634
MLT,2030,-0.7109256059593112
MMR,2021,356898.2803210976
MMR,2022,372389.8323735775
MMR,2023,387881.38442605746
MMR,2024,403372.9364785374
MMR,2025,418864.4885310173
MMR,2026,434356.04058349726
MMR,2027,449847.5926359772
MMR,2028,465339.14468845713
MMR,2029,480830.69674093707
MMR,2030,496322.248793417
MNE,2021,1292.0391724061947
MNE,2022,1331.9239049805747
MNE,2023,1371.8086375549549
MNE,2024,1411.693370129335
MNE,2025,1451.578102703715
MNE,2026,1491.4628352780953
MNE,2027,1531.3475678524755
MNE,2028,1571.2323004268555
MNE,2029,1611.1170330012358
MNE,2030,1651.001765575616
MNG,2021,2322.05487731414
MNG,2022,666.0631287324768
MNG,2023,-989.9286198491859
MNG,2024,-2645.920368430849
MNG,2025,-4301.912117012513
MNG,2026,-5957.903865594175
MNG,2027,-7613.895614175839
MNG,2028,-9269.887362757501
MNG,2029,-10925.879111339164
MNG,2030,-12581.870859920828
MOZ,2021,258033.33187368157
MOZ,2022,263878.8881233913
MOZ,2023,269724.44437310105
MOZ,2024,275570.00062281074
MOZ,2025,281415.5568725205
MOZ,2026,287261.1131222302
MOZ,2027,293106.66937193996
MOZ,2028,298952.2256216497
MOZ,2029,304797.78187135945
MOZ,2030,310643.3381210692
MRT,2021,-15.808464478814454
MRT,2022,-25.45608128721013
MRT,2023,-35.1036980956058
MRT,2024,-44.751314904001475
MRT,2025,-54.39893171239715
MRT,2026,-64.04654852079283
MRT,2027,-73.69416532918851
MRT,2028,-83.34178213758418
MRT,2029,-92.98939894597984
MRT,2030,-102.63701575437553
MSR,2021,6.604606484363893
MSR,2022,6.188773270211798
MSR,2023,5.772940056059703
MSR,2024,5.3571068419076076
MSR,2025,4.941273627755512
MSR,2026,4.525440413603418
MSR,2027,4.109607199451322
MSR,2028,3.693773985299227
MSR,2029,3.2779407711471316
MSR,2030,2.8621075569950367
MTQ,2021,66.18969301260478
MTQ,2022,58.99914211231399
MTQ,2023,51.80859121202319
MTQ,2024,44.6180403117324
MTQ,2025,37.4274894114416
MTQ,2026,30.236938511150804
MTQ,2027,23.04638761086001
MTQ,2028,15.855836710569214
MTQ,2029,8.66528581027842
MTQ,2030,1.4747349099876175
MUS,2021,318.5041862634861
MUS,2022,339.55555436866507
MUS,2023,360.60692247384407
MUS,2024,381.658290579023
MUS,2025,402.709658684202
MUS,2026,423.761026789381
MUS,2027,444.81239489455993
MUS,2028,465.8637629997389
MUS,2029,486.9151311049179
MUS,2030,507.9664992100969
MWI,2021,16248.450756149778
MWI,2022,16868.974598478322
MWI,2023,17489.498440806863
MWI,2024,18110.022283135408
MWI,2025,18730.546125463952
MWI,2026,19351.069967792497
MWI,2027,19971.59381012104
MWI,2028,20592.117652449586
MWI,2029,21212.64149477813
MWI,2030,21833.16533710667
MYS,2021,341473.9282409202
MYS,2022,301324.33304827375
MYS,2023,261174.73785562738
MYS,2024,221025.14266298097
MYS,2025,180875.54747033457
MYS,2026,140725.9522776882
MYS,2027,100576.35708504176
MYS,2028,60426.761892395385
MYS,2029,20277.16669974901
MYS,2030,-19872.428492897423
MYT,2021,210.12206859166275
MYT,2022,219.12643378597392
MYT,2023,228.13079898028508
MYT,2024,237.13516417459624
MYT,2025,246.1395293689074
MYT,2026,255.14389456321857
MYT,2027,264.14825975752973
MYT,2028,273.1526249518409
MYT,2029,282.15699014615205
MYT,2030,291.1613553404632
NAM,2021,3.265574928108006
NAM,2022,4.547503503414443
NAM,2023,5.829432078720881
NAM,2024,7.111360654027318
NAM,2025,8.393289229333757
NAM,2026,9.675217804640193
NAM,2027,10.957146379946629
NAM,2028,12.239074955253066
NAM,2029,13.521003530559504
NAM,2030,14.802932105865942
NCL,2021,2074.155637620425
NCL,2022,2184.7552563548898
NCL,2023,2295.354875089354
NCL,2024,2405.9544938238187
NCL,2025,2516.5541125582836
NCL,2026,2627.153731292748
NCL,2027,2737.753350027213
NCL,2028,2848.3529687616774
NCL,2029,2958.952587496142
NCL,2030,3069.5522062306068
NER,2021,-0.020282023530190665
NER,2022,-0.08687558919840503
NER,2023,-0.15346915486661938
NER,2024,-0.22006272053483378
NER,2025,-0.28665628620304817
NER,2026,-0.3532498518712625
NER,2027,-0.41984341753947685
NER,2028,-0.48643698320769124
NER,2029,-0.5530305488759056
NER,2030,-0.61962411454412
NGA,2021,104832.22228767964
NGA,2022,106910.700655334
NGA,2023,108989.17902298838
NGA,2024,111067.65739064274
NGA,2025,113146.13575829711
NGA,2026,115224.61412595148
NGA,2027,117303.09249360584
NGA,2028,119381.57086126022
NGA,2029,121460.04922891458
NGA,2030,123538.52759656895
NIC,2021,114485.12859041472
NIC,2022,116382.77248074324
NIC,2023,118280.41637107175
NIC,2024,120178.06026140027
NIC,2025,122075.70415172879
NIC,2026,123973.3480420573
NIC,2027,125870.9919323858
NIC,2028,127768.63582271434
NIC,2029,129666.27971304284
NIC,2030,131563.92360337137
NLD,2021,2070.122221809674
NLD,2022,2151.4412473420653
NLD,2023,2232.760272874456
NLD,2024,2314.079298406847
NLD,2025,2395.398323939238
NLD,2026,2476.717349471629
NLD,2027,2558.0363750040196
NLD,2028,2639.3554005364103
NLD,2029,2720.6744260688015
NLD,2030,2801.993451601192
NOR,2021,67063.24964821347
NOR,2022,68524.94555226898
NOR,2023,69986.64145632448
NOR,2024,71448.33736037998
NOR,2025,72910.0332644355
NOR,2026,74371.729168491
NOR,2027,75833.42507254651
NOR,2028,77295.120976602
NOR,2029,78756.81688065751
NOR,2030,80218.51278471302
NPL,2021,1979.9653026002559
NPL,2022,1976.7040144938444
NPL,2023,1973.4427263874331
NPL,2024,1970.1814382810217
NPL,2025,1966.9201501746104
NPL,2026,1963.658862068199
NPL,2027,1960.3975739617877
NPL,2028,1957.1362858553762
NPL,2029,1953.874997748965
NPL,2030,1950.6137096425537
NZL,2021,73530.9513133741
NZL,2022,74276.55264623064
NZL,2023,75022.15397908718
NZL,2024,75767.7553119437
NZL,2025,76513.35664480024
NZL,2026,77258.95797765678
NZL,2027,78004.55931051332
NZL,2028,78750.16064336985
NZL,2029,79495.76197622638
NZL,2030,80241.36330908292
PAK,2021,52.87676056873613
PAK,2022,38.12802673070227
PAK,2023,23.379292892668403
PAK,2024,8.630559054634546
PAK,2025,-6.118174783399311
PAK,2026,-20.866908621433183
PAK,2027,-35.61564245946704
PAK,2028,-50.3643762975009
PAK,2029,-65.11311013553477
PAK,2030,-79.86184397356861
PAN,2021,31689.41920569238
PAN,2022,33355.520036171794
PAN,2023,35021.62086665121
PAN,2024,36687.721697130626
PAN,2025,38353.82252761004
PAN,2026,40019.92335808945
PAN,2027,41686.024188568874
PAN,2028,43352.12501904828
PAN,2029,45018.225849527706
PAN,2030,46684.326680007114
PER,2021,260669.4120181101
PER,2022,269742.2104131075
PER,2023,278815.0088081048
PER,2024,287887.80720310216
PER,2025,296960.60559809953
PER,2026,306033.4039930969
PER,2027,315106.2023880943
PER,2028,324179.0007830916
PER,2029,333251.79917808896
PER,2030,342324.5975730863
PHL,2021,94778.84168494717
PHL,2022,96486.28215455834
PHL,2023,98193.72262416953
PHL,2024,99901.1630937807
PHL,2025,101608.60356339188
PHL,2026,103316.04403300307
PHL,2027,105023.48450261424
PHL,2028,106730.92497222542
PHL,2029,108438.36544183659
PHL,2030,110145.80591144777
PLW,2021,22.51307910166146
PLW,2022,20.610273948056445
PLW,2023,18.70746879445143
PLW,2024,16.804663640846417
PLW,2025,14.901858487241403
PLW,2026,12.99905333363639
PLW,2027,11.096248180031376
PLW,2028,9.193443026426362
PLW,2029,7.290637872821346
PLW,2030,5.387832719216334
PNG,2021,82742.3832751184
PNG,2022,85428.29033054652
PNG,2023,88114.19738597464
PNG,2024,90800.10444140276
PNG,2025,93486.01149683088
PNG,2026,96171.918552259
PNG,2027,98857.82560768712
PNG,2028,101543.73266311524
PNG,2029,104229.63971854336
PNG,2030,106915.54677397148
POL,2021,91512.85733253877
POL,2022,95515.74386051475
POL,2023,99518.63038849072
POL,2024,103521.5169164667
POL,2025,107524.40344444267
POL,2026,111527.28997241864
POL,2027,115530.17650039462
POL,2028,119533.0630283706
POL,2029,123535.94955634658
POL,2030,127538.83608432255
PRI,2021,642.8420391280702
PRI,2022,594.4451321115602
PRI,2023,546.0482250950502
PRI,2024,497.65131807854016
PRI,2025,449.25441106203016
PRI,2026,400.85750404552016
PRI,2027,352.46059702901016
PRI,2028,304.06369001250016
PRI,2029,255.66678299599016
PRI,2030,207.26987597948016
PRK,2021,15526.31347408632
PRK,2022,15717.975061253543
PRK,2023,15909.636648420763
PRK,2024,16101.298235587985
PRK,2025,16292.959822755205
PRK,2026,16484.621409922427
PRK,2027,16676.28299708965
PRK,2028,16867.944584256868
PRK,2029,17059.60617142409
PRK,2030,17251.26775859131
PRT,2021,75151.89486670707
PRT,2022,76554.54378771373
PRT,2023,77957.1927087204
PRT,2024,79359.84162972706
PRT,2025,80762.49055073372
PRT,2026,82165.13947174039
PRT,2027,83567.78839274705
PRT,2028,84970.43731375372
PRT,2029,86373.08623476038
PRT,2030,87775.73515576706
PRY,2021,245423.7315613151
PRY,2022,227855.50211032428
PRY,2023,210287.27265933342
PRY,2024,192719.0432083426
PRY,2025,175150.81375735177
PRY,2026,157582.58430636092
PRY,2027,140014.3548553701
PRY,2028,122446.12540437927
PRY,2029,104877.89595338845
PRY,2030,87309.66650239762
PSE,2021,0.466052110945795
PSE,2022,0.41134788372551023
PSE,2023,0.3566436565052255
PSE,2024,0.3019394292849407
PSE,2025,0.24723520206465593
PSE,2026,0.1925309748443712
PSE,2027,0.13782674762408642
PSE,2028,0.08312252040380164
PSE,2029,0.028418293183516852
PSE,2030,-0.026285934036767933
REU,2021,672.1837580107895
REU,2022,711.0971765615376
REU,2023,750.0105951122858
REU,2024,788.924013663034
REU,2025,827.8374322137822
REU,2026,866.7508507645305
REU,2027,905.6642693152786
REU,2028,944.5776878660267
REU,2029,983.491106416775
REU,2030,1022.4045249675232
ROU,2021,22430.235198738515
ROU,2022,22689.367893440965
ROU,2023,22948.500588143415
ROU,2024,23207.633282845865
ROU,2025,23466.765977548315
ROU,2026,23725.898672250765
ROU,2027,23985.031366953215
ROU,2028,24244.164061655665
ROU,2029,24503.296756358115
ROU,2030,24762.429451060565
RUS,2021,5439540.16055936
RUS,2022,5658237.585938368
RUS,2023,5876935.011317375
RUS,2024,6095632.436696382
RUS,2025,6314329.86207539
RUS,2026,6533027.287454397
RUS,2027,6751724.712833405
RUS,2028,6970422.138212413
RUS,2029,7189119.56359142
RUS,2030,7407816.988970427
RWA,2021,3335.3015256172325
RWA,2022,3455.513475002025
RWA,2023,3575.7254243868174
RWA,2024,3695.9373737716096
RWA,2025,3816.149323156402
RWA,2026,3936.361272541194
RWA,2027,4056.5732219259867
RWA,2028,4176.785171310779
RWA,2029,4296.997120695571
RWA,2030,4417.209070080364
SDN,2021,45.51037960424667
SDN,2022,44.67766503905804
SDN,2023,43.84495047386941
SDN,2024,43.01223590868078
SDN,2025,42.17952134349215
SDN,2026,41.34680677830352
SDN,2027,40.514092213114886
SDN,2028,39.681377647926254
SDN,2029,38.84866308273762
SDN,2030,38.01594851754899
SEN,2021,444.16449360911497
SEN,2022,466.5937856933631
SEN,2023,489.0230777776112
SEN,2024,511.4523698618593
SEN,2025,533.8816619461074
SEN,2026,556.3109540303556
SEN,2027,578.7402461146037
SEN,2028,601.1695381988518
SEN,2029,623.5988302830999
SEN,2030,646.028122367348
SGP,2021,232.36552061138514
SGP,2022,243.1158509392664
SGP,2023,253.8661812671477
SGP,2024,264.616511595029
SGP,2025,275.3668419229103
SGP,2026,286.11717225079155
SGP,2027,296.8675025786729
SGP,2028,307.61783290655416
SGP,2029,318.3681632344354
SGP,2030,329.11849356231676
SLB,2021,15690.39390987905
SLB,2022,16218.668656435288
SLB,2023,16746.943402991525
SLB,2024,17275.21814954776
SLB,2025,17803.492896104
SLB,2026,18331.767642660234
SLB,2027,18860.042389216473
SLB,2028,19388.317135772708
SLB,2029,19916.591882328947
SLB,2030,20444.866628885182
SLE,2021,161315.4806133216
SLE,2022,162253.8712600176
SLE,2023,163192.2619067136
SLE,2024,164130.65255340957
SLE,2025,165069.04320010557
SLE,2026,166007.43384680158
SLE,2027,166945.82449349758
SLE,2028,167884.21514019358
SLE,2029,168822.6057868896
SLE,2030,169760.9964335856
SLV,2021,2257.9291627342564
SLV,2022,2070.51387502722
SLV,2023,1883.0985873201835
SLV,2024,1695.683299613147
SLV,2025,1508.2680119061106
SLV,2026,1320.8527241990744
SLV,2027,1133.437436492038
SLV,2028,946.0221487850015
SLV,2029,758.606861077965
SLV,2030,571.1915733709286
SMR,2021,0.2562087639356782
SMR,2022,0.2510695535096453
SMR,2023,0.24593034308361247
SMR,2024,0.24079113265757962
SMR,2025,0.23565192223154674
SMR,2026,0.23051271180551386
SMR,2027,0.225373501379481
SMR,2028,0.22023429095344813
SMR,2029,0.21509508052741527
SMR,2030,0.2099558701013824
SOM,2021,164.23404658098957
SOM,2022,160.19856417344
SOM,2023,156.16308176589044
SOM,2024,152.12759935834086
SOM,2025,148.0921169507913
SOM,2026,144.05663454324173
SOM,2027,140.02115213569218
SOM,2028,135.9856697281426
SOM,2029,131.95018732059305
SOM,2030,127.91470491304347
SPM,2021,0.9396558578296456
SPM,2022,0.9643765172512747
SPM,2023,0.9890971766729039
SPM,2024,1.013817836094533
SPM,2025,1.038538495516162
SPM,2026,1.0632591549377912
SPM,2027,1.0879798143594204
SPM,2028,1.1127004737810495
SPM,2029,1.1374211332026787
SPM,2030,1.1621417926243078
SRB,2021,4486.401745983628
SRB,2022,4634.615303299725
SRB,2023,4782.828860615822
SRB,2024,4931.04241793192
SRB,2025,5079.255975248017
SRB,2026,5227.469532564115
SRB,2027,5375.683089880213
SRB,2028,5523.8966471963095
SRB,2029,5672.110204512407
SRB,2030,5820.323761828505
SSD,2021,2607.8523202376728
SSD,2022,2164.6031012295166
SSD,2023,1721.3538822213607
SSD,2024,1278.1046632132047
SSD,2025,834.855444205049
SSD,2026,391.60622519689286
SSD,2027,-51.642993811263295
SSD,2028,-494.892212819419
SSD,2029,-938.1414318275747
SSD,2030,-1381.3906508357304
SUR,2021,19303.868746565277
SUR,2022,20165.49876577161
SUR,2023,21027.12878497794
SUR,2024,21888.758804184272
SUR,2025,22750.388823390604
SUR,2026,23612.01884259694
SUR,2027,24473.64886180327
SUR,2028,25335.278881009603
SUR,2029,26196.908900215934
SUR,2030,27058.538919422266
SVK,2021,13365.188188840553
SVK,2022,13307.41427592102
SVK,2023,13249.640363001487
SVK,2024,13191.866450081952
SVK,2025,13134.092537162418
SVK,2026,13076.318624242886
SVK,2027,13018.544711323351
SVK,2028,12960.770798403817
SVK,2029,12902.996885484285
SVK,2030,12845.22297256475
SVN,2021,4643.3911298408275
SVN,2022,4838.682333088962
SVN,2023,5033.973536337096
SVN,2024,5229.264739585231
SVN,2025,5424.555942833365
SVN,2026,5619.8471460815
SVN,2027,5815.138349329634
SVN,2028,6010.429552577769
SVN,2029,6205.720755825903
SVN,2030,6401.011959074038
SWE,2021,349258.97284251056
SWE,2022,361490.57717087277
SWE,2023,373722.18149923504
SWE,2024,385953.7858275973
SWE,2025,398185.3901559595
SWE,2026,410416.9944843218
SWE,2027,422648.59881268407
SWE,2028,434880.2031410463
SWE,2029,447111.80746940855
SWE,2030,459343.41179777076
SWZ,2021,2893.278329914328
SWZ,2022,2604.1011897711746
SWZ,2023,2314.9240496280213
SWZ,2024,2025.746909484868
SWZ,2025,1736.5697693417146
SWZ,2026,1447.3926291985613
SWZ,2027,1158.215489055408
SWZ,2028,869.0383489122546
SWZ,2029,579.8612087691013
SWZ,2030,290.68406862594793
SXM,2021,2.0031822727496653
SXM,2022,2.007272716254735
SXM,2023,2.011363159759805
SXM,2024,2.0154536032648753
SXM,2025,2.019544046769945
SXM,2026,2.023634490275015
SXM,2027,2.0277249337800853
SXM,2028,2.031815377285155
SXM,2029,2.035905820790225
SXM,2030,2.0399962642952953
SYC,2021,1.463585873184345
SYC,2022,1.6280814654521556
SYC,2023,1.7925770577199662
SYC,2024,1.9570726499877766
SYC,2025,2.121568242255587
SYC,2026,2.2860638345233975
SYC,2027,2.4505594267912083
SYC,2028,2.6150550190590187
SYC,2029,2.779550611326829
SYC,2030,2.94404620359464
SYR,2021,2361.0161484228315
SYR,2022,2472.2233779638136
SYR,2023,2583.430607504796
SYR,2024,2694.6378370457787
SYR,2025,2805.8450665867613
SYR,2026,2917.052296127744
SYR,2027,3028.259525668726
SYR,2028,3139.4667552097085
SYR,2029,3250.673984750691
SYR,2030,3361.881214291673
TCA,2021,32.46846549872711
TCA,2022,33.74749713933463
TCA,2023,35.02652877994213
TCA,2024,36.30556042054964
TCA,2025,37.58459206115715
TCA,2026,38.86362370176466
TCA,2027,40.142655342372166
TCA,2028,41.42168698297968
TCA,2029,42.70071862358719
TCA,2030,43.9797502641947
TCD,2021,4869.528547315856
TCD,2022,5059.339080512618
TCD,2023,5249.149613709381
TCD,2024,5438.960146906144
TCD,2025,5628.770680102907
TCD,2026,5818.58121329967
TCD,2027,6008.3917464964325
TCD,2028,6198.202279693195
TCD,2029,6388.012812889958
TCD,2030,6577.82334608672
TGO,2021,5805.912494489742
TGO,2022,5977.083913402392
TGO,2023,6148.2553323150405
TGO,2024,6319.426751227689
TGO,2025,6490.598170140339
TGO,2026,6661.769589052988
TGO,2027,6832.941007965637
TGO,2028,7004.112426878286
TGO,2029,7175.283845790935
TGO,2030,7346.455264703583
THA,2021,154604.3238280206
THA,2022,156798.72113638415
THA,2023,158993.1184447477
THA,2024,161187.51575311128
THA,2025,163381.91306147483
THA,2026,165576.31036983838
THA,2027,167770.70767820193
THA,2028,169965.10498656548
THA,2029,172159.50229492903
THA,2030,174353.89960329258
TJK,2021,-6.613414981541519
TJK,2022,-9.293242707212508
TJK,2023,-11.973070432883496
TJK,2024,-14.652898158554486
TJK,2025,-17.332725884225475
TJK,2026,-20.012553609896464
TJK,2027,-22.692381335567454
TJK,2028,-25.372209061238443
TJK,2029,-28.052036786909433
TJK,2030,-30.731864512580422
TKM,2021,-14.634497029933822
TKM,2022,-19.81628307503054
TKM,2023,-24.99806912012726
TKM,2024,-30.179855165223977
TKM,2025,-35.3616412103207
TKM,2026,-40.54342725541741
TKM,2027,-45.725213300514135
TKM,2028,-50.90699934561085
TKM,2029,-56.088785390707564
TKM,2030,-61.270571435804285
TLS,2021,1475.8461517208052
TLS,2022,1477.0004181695328
TLS,2023,1478.1546846182605
TLS,2024,1479.3089510669884
TLS,2025,1480.463217515716
TLS,2026,1481.6174839644436
TLS,2027,1482.7717504131713
TLS,2028,1483.926016861899
TLS,2029,1485.0802833106266
TLS,2030,1486.2345497593544
TTO,2021,694.3725682064902
TTO,2022,616.5021646135943
TTO,2023,538.6317610206984
TTO,2024,460.76135742780247
TTO,2025,382.89095383490655
TTO,2026,305.0205502420106
TTO,2027,227.15014664911473
TTO,2028,149.27974305621876
TTO,2029,71.4093394633228
TTO,2030,-6.46106412957306
TUN,2021,2524.204355358461
TUN,2022,2624.942329162347
TUN,2023,2725.6803029662337
TUN,2024,2826.4182767701204
TUN,2025,2927.1562505740067
TUN,2026,3027.8942243778934
TUN,2027,3128.63219818178
TUN,2028,3229.3701719856663
TUN,2029,3330.1081457895525
TUN,2030,3430.846119593439
TUR,2021,46932.03795168514
TUR,2022,51172.6633674464
TUR,2023,55413.288783207674
TUR,2024,59653.91419896894
TUR,2025,63894.53961473021
TUR,2026,68135.16503049148
TUR,2027,72375.79044625275
TUR,2028,76616.41586201402
TUR,2029,80857.04127777528
TUR,2030,85097.66669353655
TWN,2021,1825.0142818453412
TWN,2022,1821.0871426523158
TWN,2023,1817.1600034592905
TWN,2024,1813.232864266265
TWN,2025,1809.3057250732397
TWN,2026,1805.3785858802144
TWN,2027,1801.451446687189
TWN,2028,1797.5243074941636
TWN,2029,1793.5971683011383
TWN,2030,1789.6700291081129
TZA,2021,184006.4124846586
TZA,2022,186382.39603232825
TZA,2023,188758.3795799979
TZA,2024,191134.36312766757
TZA,2025,193510.34667533723
TZA,2026,195886.3302230069
TZA,2027,198262.31377067656
TZA,2028,200638.29731834622
TZA,2029,203014.28086601588
TZA,2030,205390.26441368554
UGA,2021,86766.95255853714
UGA,2022,91146.65690979951
UGA,2023,95526.36126106189
UGA,2024,99906.06561232425
UGA,2025,104285.76996358662
UGA,2026,108665.47431484898
UGA,2027,113045.17866611134
UGA,2028,117424.88301737371
UGA,2029,121804.58736863607
UGA,2030,126184.29171989845
UKR,2021,84570.96188657449
UKR,2022,87297.56978813732
UKR,2023,90024.17768970015
UKR,2024,92750.78559126299
UKR,2025,95477.39349282582
UKR,2026,98204.00139438866
UKR,2027,100930.6092959515
UKR,2028,103657.21719751431
UKR,2029,106383.82509907716
UKR,2030,109110.43300063998
UMI,2021,4.540484414669465
UMI,2022,1.967855706037403
UMI,2023,-0.6047730025946594
UMI,2024,-3.1774017112267217
UMI,2025,-5.750030419858785
UMI,2026,-8.322659128490846
UMI,2027,-10.895287837122908
UMI,2028,-13.46791654575497
UMI,2029,-16.040545254387034
UMI,2030,-18.613173963019097
URY,2021,12772.230843271205
URY,2022,10663.133627675064
URY,2023,8554.036412078924
URY,2024,6444.939196482781
URY,2025,4335.841980886638
URY,2026,2226.7447652904975
URY,2027,117.64754969435671
URY,2028,-1991.449665901786
URY,2029,-4100.546881497929
URY,2030,-6209.644097094071
USA,2021,2143238.603703501
USA,2022,2148166.8780344175
USA,2023,2153095.1523653334
USA,2024,2158023.4266962493
USA,2025,2162951.7010271656
USA,2026,2167879.9753580815
USA,2027,2172808.2496889974
USA,2028,2177736.5240199133
USA,2029,2182664.7983508296
USA,2030,2187593.0726817455
UZB,2021,-14.776903643231238
UZB,2022,-31.699905035213266
UZB,2023,-48.62290642719529
UZB,2024,-65.54590781917732
UZB,2025,-82.46890921115934
UZB,2026,-99.39191060314137
UZB,2027,-116.3149119951234
UZB,2028,-133.23791338710544
UZB,2029,-150.16091477908748
UZB,2030,-167.0839161710695
VCT,2021,9.895014178056462
VCT,2022,9.995281108499375
VCT,2023,10.095548038942288
VCT,2024,10.195814969385202
VCT,2025,10.296081899828115
VCT,2026,10.396348830271029
VCT,2027,10.496615760713942
VCT,2028,10.596882691156855
VCT,2029,10.697149621599769
VCT,2030,10.797416552042682
VEN,2021,141081.95473576212
VEN,2022,143434.68417329257
VEN,2023,145787.41361082305
VEN,2024,148140.1430483535
VEN,2025,150492.87248588397
VEN,2026,152845.60192341442
VEN,2027,155198.3313609449
VEN,2028,157551.06079847534
VEN,2029,159903.79023600582
VEN,2030,162256.51967353627
VGB,2021,38.584540331179944
VGB,2022,40.86418590581964
VGB,2023,43.14383148045934
VGB,2024,45.42347705509904
VGB,2025,47.70312262973874
VGB,2026,49.98276820437844
VGB,2027,52.26241377901814
VGB,2028,54.542059353657834
VGB,2029,56.821704928297535
VGB,2030,59.10135050293724
VIR,2021,147.8872810170123
VIR,2022,152.00147110860814
VIR,2023,156.11566120020396
VIR,2024,160.2298512917998
VIR,2025,164.34404138339562
VIR,2026,168.45823147499146
VIR,2027,172.57242156658728
VIR,2028,176.68661165818312
VIR,2029,180.80080174977894
VIR,2030,184.91499184137479
VNM,2021,285001.2467625787
VNM,2022,297607.5076186622
VNM,2023,310213.7684747457
VNM,2024,322820.0293308292
VNM,2025,335426.29018691275
VNM,2026,348032.55104299623
VNM,2027,360638.8118990797
VNM,2028,373245.07275516324
VNM,2029,385851.3336112468
VNM,2030,398457.59446733026
VUT,2021,1808.0385552846767
VUT,2022,1903.9637100799655
VUT,2023,1999.8888648752545
VUT,2024,2095.814019670543
VUT,2025,2191.739174465832
VUT,2026,2287.6643292611207
VUT,2027,2383.5894840564097
VUT,2028,2479.5146388516987
VUT,2029,2575.4397936469873
VUT,2030,2671.364948442276
XAD,2021,2.454907119119631
XAD,2022,2.509082167564481
XAD,2023,2.563257216009332
XAD,2024,2.617432264454182
XAD,2025,2.6716073128990327
XAD,2026,2.7257823613438834
XAD,2027,2.7799574097887336
XAD,2028,2.8341324582335843
XAD,2029,2.8883075066784345
XAD,2030,2.942482555123285
XCA,2021,32.28938689329778
XCA,2022,33.04303997803843
XCA,2023,33.79669306277907
XCA,2024,34.55034614751971
XCA,2025,35.30399923226036
XCA,2026,36.057652317001
XCA,2027,36.81130540174165
XCA,2028,37.56495848648229
XCA,2029,38.31861157122293
XCA,2030,39.07226465596358
XKO,2021,910.2892521834548
XKO,2022,929.37099351862
XKO,2023,948.4527348537852
XKO,2024,967.5344761889504
XKO,2025,986.6162175241155
XKO,2026,1005.6979588592808
XKO,2027,1024.779700194446
XKO,2028,1043.861441529611
XKO,2029,1062.9431828647764
XKO,2030,1082.0249241999416
XNC,2021,18.787999177883993
XNC,2022,19.21071603197048
XNC,2023,19.633432886056973
XNC,2024,20.05614974014346
XNC,2025,20.478866594229952
XNC,2026,20.90158344831644
XNC,2027,21.324300302402932
XNC,2028,21.74701715648942
XNC,2029,22.16973401057591
XNC,2030,22.5924508646624
ZAF,2021,63028.774062369615
ZAF,2022,62192.619414647146
ZAF,2023,61356.46476692468
ZAF,2024,60520.310119202215
ZAF,2025,59684.15547147975
ZAF,2026,58848.000823757284
ZAF,2027,58011.846176034815
ZAF,2028,57175.69152831235
ZAF,2029,56339.53688058989
ZAF,2030,55503.38223286742
ZMB,2021,161151.02872842975
ZMB,2022,166630.4118996928
ZMB,2023,172109.79507095585
ZMB,2024,177589.17824221888
ZMB,2025,183068.56141348195
ZMB,2026,188547.94458474498
ZMB,2027,194027.32775600805
ZMB,2028,199506.7109272711
ZMB,2029,204986.09409853414
ZMB,2030,210465.47726979718
ZWE,2021,15648.675509752513
ZWE,2022,16023.598931542936
ZWE,2023,16398.52235333336
ZWE,2024,16773.445775123782
ZWE,2025,17148.369196914206
ZWE,2026,17523.292618704632
ZWE,2027,17898.216040495055
ZWE,2028,18273.13946228548
ZWE,2029,18648.062884075902
ZWE,2030,19022.986305866325
